sigla_uf,municipios,risco_medio,pct_alerta,pct_alerta_modelo_completo
BA,398,0.745,98.744,98.744
PA,142,0.647,97.183,97.183
RJ,92,0.633,95.652,95.652
PR,398,0.544,86.432,86.432
AC,22,0.574,86.364,86.364
RO,52,0.568,84.615,84.615
AM,55,0.608,83.636,83.636
AP,16,0.486,75.0,75.0
MA,217,0.508,71.889,71.889
SP,626,0.473,70.767,70.767
SC,254,0.422,63.386,63.386
RN,151,0.454,62.914,62.914
SE,75,0.429,62.667,62.667
AL,102,0.437,57.843,57.843
PB,221,0.38,51.584,51.584
TO,138,0.38,47.101,47.101
PE,184,0.368,45.652,45.652
MS,79,0.345,44.304,44.304
PI,224,0.363,44.196,44.196
MT,140,0.326,39.286,39.286
RS,441,0.326,37.642,95.692
MG,818,0.206,12.714,12.714
ES,78,0.223,1.282,1.282
GO,245,0.141,0.408,0.408
CE,184,0.086,0.0,0.0
