id_municipio,populacao
1100015,22516.0
1100023,111148.0
1100031,5067.0
1100049,86416.0
1100056,16088.0
1100064,15213.0
1100072,7052.0
1100080,19255.0
1100098,33009.0
1100106,46930.0
1100114,51469.0
1100122,131026.0
1100130,41724.0
1100148,20504.0
1100155,35445.0
1100189,37098.0
1100205,548952.0
1100254,18165.0
1100262,3843.0
1100288,55748.0
1100296,5942.0
1100304,104517.0
1100320,23147.0
1100338,32184.0
1100346,13807.0
1100379,13268.0
1100403,22258.0
1100452,41043.0
1100502,8125.0
1100601,6307.0
1100700,14391.0
1100809,28068.0
1100908,2923.0
1100924,11755.0
1100940,27131.0
1101005,7130.0
1101104,10819.0
1101203,9461.0
1101302,10691.0
1101401,16158.0
1101435,6822.0
1101450,6319.0
1101468,2127.0
1101476,2697.0
1101484,4962.0
1101492,21088.0
1101500,11846.0
1101559,4160.0
1101609,10348.0
1101708,11081.0
1101757,11545.0
1101807,6490.0
1200013,15721.0
1200054,7649.0
1200104,27123.0
1200138,10572.0
1200179,12280.0
1200203,89760.0
1200252,18979.0
1200302,34986.0
1200328,8628.0
1200336,19643.0
1200344,9701.0
1200351,19727.0
1200385,20147.0
1200393,12497.0
1200401,419452.0
1200427,19767.0
1200435,6893.0
1200450,23446.0
1200500,47168.0
1200609,43730.0
1200708,19866.0
1200807,19141.0
1300029,16396.0
1300060,11934.0
1300086,14292.0
1300102,21937.0
1300144,22739.0
1300201,20868.0
1300300,41005.0
1300409,27772.0
1300508,32919.0
1300607,44873.0
1300631,20503.0
1300680,20040.0
1300706,34958.0
1300805,42328.0
1300839,13482.0
1300904,15981.0
1301001,28719.0
1301100,38820.0
1301159,31459.0
1301209,86713.0
1301308,29691.0
1301407,36121.0
1301506,20748.0
1301605,16409.0
1301654,17193.0
1301704,57195.0
1301803,31172.0
1301852,49718.0
1301902,104046.0
1301951,7777.0
1302009,9312.0
1302108,1755.0
1302207,15495.0
1302306,13462.0
1302405,47685.0
1302504,99613.0
1302553,33981.0
1302603,2255903.0
1302702,57405.0
1302801,18298.0
1302900,66159.0
1303007,21710.0
1303106,38665.0
1303205,20395.0
1303304,26443.0
1303403,116439.0
1303502,19616.0
1303536,38095.0
1303569,34856.0
1303601,26566.0
1303700,20889.0
1303809,47031.0
1303908,40837.0
1303957,14678.0
1304005,9289.0
1304062,68502.0
1304104,16876.0
1304203,59250.0
1304237,19038.0
1304260,13839.0
1304302,16007.0
1304401,24098.0
1400027,13561.0
1400050,15249.0
1400100,436591.0
1400159,12701.0
1400175,19257.0
1400209,22635.0
1400233,10595.0
1400282,12637.0
1400308,18482.0
1400407,11772.0
1400456,20108.0
1400472,31387.0
1400506,8492.0
1400605,8232.0
1400704,11014.0
1500107,160439.0
1500131,7536.0
1500206,55744.0
1500305,39910.0
1500347,27797.0
1500404,57390.0
1500503,34044.0
1500602,117320.0
1500701,30091.0
1500800,540410.0
1500859,29312.0
1500909,46937.0
1500958,32200.0
1501006,16421.0
1501105,31967.0
1501204,49454.0
1501253,3239.0
1501303,129333.0
1501402,1506420.0
1501451,17944.0
1501501,64780.0
1501576,17254.0
1501600,16769.0
1501709,130122.0
1501725,14883.0
1501758,7357.0
1501782,68597.0
1501808,104280.0
1501907,29717.0
1501956,35307.0
1502004,24355.0
1502103,140814.0
1502152,39103.0
1502202,69828.0
1502301,54545.0
1502400,205667.0
1502509,24175.0
1502608,12175.0
1502707,48115.0
1502756,34236.0
1502764,14044.0
1502772,17764.0
1502806,35530.0
1502855,14776.0
1502905,41093.0
1502939,61206.0
1502954,34069.0
1503002,6949.0
1503044,20742.0
1503077,26155.0
1503093,41678.0
1503101,34127.0
1503200,39234.0
1503309,63367.0
1503408,12009.0
1503457,67170.0
1503507,32639.0
1503606,101541.0
1503705,53439.0
1503754,6952.0
1503804,60517.0
1503903,59961.0
1504000,29623.0
1504059,30389.0
1504109,8598.0
1504208,287664.0
1504307,29559.0
1504406,28563.0
1504422,135812.0
1504455,32347.0
1504505,28121.0
1504604,31917.0
1504703,84251.0
1504752,16282.0
1504802,58289.0
1504901,41454.0
1504950,21519.0
1504976,17027.0
1505007,15646.0
1505031,25769.0
1505064,78488.0
1505106,52473.0
1505205,33182.0
1505304,74921.0
1505403,18079.0
1505437,33831.0
1505486,49110.0
1505494,7575.0
1505502,115838.0
1505536,218787.0
1505551,5339.0
1505601,8084.0
1505635,12976.0
1505650,32325.0
1505700,32007.0
1505809,63831.0
1505908,42456.0
1506005,29827.0
1506104,10889.0
1506112,13794.0
1506138,86326.0
1506161,18208.0
1506187,53242.0
1506195,52473.0
1506203,41164.0
1506302,24392.0
1506351,21811.0
1506401,10496.0
1506500,72856.0
1506559,19839.0
1506583,22244.0
1506609,25127.0
1506708,75995.0
1506807,308339.0
1506906,6796.0
1507003,32346.0
1507102,18207.0
1507151,25945.0
1507201,32285.0
1507300,135732.0
1507409,15978.0
1507458,24566.0
1507466,6294.0
1507474,23440.0
1507508,14105.0
1507607,60268.0
1507706,27302.0
1507755,6088.0
1507805,11305.0
1507904,25752.0
1507953,111554.0
1507961,11971.0
1507979,19063.0
1508001,64604.0
1508035,31549.0
1508050,19344.0
1508084,40661.0
1508100,116605.0
1508126,62286.0
1508159,45395.0
1508209,54650.0
1508308,62093.0
1508357,15421.0
1508407,45416.0
1600055,5577.0
1600105,9265.0
1600154,17625.0
1600204,11493.0
1600212,6217.0
1600238,8151.0
1600253,5730.0
1600279,52302.0
1600303,522357.0
1600402,22468.0
1600501,28534.0
1600535,22927.0
1600550,5370.0
1600600,124808.0
1600709,18217.0
1600808,16572.0
1700251,2609.0
1700301,7049.0
1700350,5303.0
1700400,6905.0
1700707,8381.0
1701002,9435.0
1701051,3475.0
1701101,4901.0
1701309,5705.0
1701903,7223.0
1702000,8418.0
1702109,186245.0
1702158,5856.0
1702208,36573.0
1702307,6590.0
1702406,10502.0
1702554,18870.0
1702703,3809.0
1702901,9817.0
1703008,10668.0
1703057,3631.0
1703073,4673.0
1703107,5669.0
1703206,4439.0
1703305,5120.0
1703602,2221.0
1703701,5540.0
1703800,11644.0
1703826,2293.0
1703842,10505.0
1703867,4499.0
1703883,2627.0
1703891,4165.0
1703909,5514.0
1704105,2966.0
1704600,1415.0
1705102,3330.0
1705508,36271.0
1705557,4870.0
1705607,4070.0
1706001,5690.0
1706100,7268.0
1706258,1749.0
1706506,6250.0
1707009,22704.0
1707108,6986.0
1707207,7173.0
1707306,4686.0
1707405,11280.0
1707553,3824.0
1707652,5222.0
1707702,8892.0
1708205,18358.0
1708254,2615.0
1708304,5136.0
1709005,13169.0
1709302,26403.0
1709500,88428.0
1709807,2088.0
1710508,7471.0
1710706,5801.0
1710904,3814.0
1711100,2412.0
1711506,3906.0
1711803,2174.0
1711902,13989.0
1711951,4470.0
1712009,3199.0
1712157,1984.0
1712405,3727.0
1712454,3200.0
1712504,5332.0
1712702,2773.0
1712801,3470.0
1713205,17628.0
1713304,13551.0
1713601,8182.0
1713700,2311.0
1713809,6830.0
1713957,3623.0
1714203,9256.0
1714302,3772.0
1714880,12014.0
1715002,4348.0
1715101,4450.0
1715150,2332.0
1715259,2768.0
1715507,1124.0
1715705,6234.0
1715754,7694.0
1716109,52521.0
1716208,10426.0
1716307,4885.0
1716505,13964.0
1716604,11996.0
1716653,5546.0
1716703,8078.0
1717008,4414.0
1717206,3038.0
1717503,7830.0
1717800,4586.0
1717909,8192.0
1718006,3200.0
1718204,53618.0
1718303,8563.0
1718402,3668.0
1718451,2746.0
1718501,4389.0
1718550,4723.0
1718659,2211.0
1718709,2879.0
1718758,6498.0
1718808,4876.0
1718840,3371.0
1718865,7678.0
1718881,3537.0
1718899,2407.0
1718907,4864.0
1719004,2928.0
1720002,2530.0
1720101,5457.0
1720150,1610.0
1720200,12445.0
1720259,3106.0
1720309,4898.0
1720499,3848.0
1720655,5452.0
1720804,8965.0
1720853,2007.0
1720903,16966.0
1720937,2183.0
1720978,2831.0
1721000,313349.0
1721109,7688.0
1721208,22820.0
1721257,1952.0
1721307,2785.0
1722081,11783.0
1722107,11500.0
2100055,113783.0
2100105,6631.0
2100154,12731.0
2100204,22126.0
2100303,26979.0
2100402,8250.0
2100436,28066.0
2100477,31967.0
2100501,11233.0
2100550,7047.0
2100600,42017.0
2100709,27170.0
2100808,16054.0
2100832,17582.0
2100873,15675.0
2100907,47095.0
2100956,32825.0
2101004,30014.0
2101103,12234.0
2101202,105094.0
2101251,17446.0
2101301,18726.0
2101350,5696.0
2101400,96951.0
2101509,19026.0
2101608,88895.0
2101707,63891.0
2101731,7586.0
2101772,11347.0
2101806,5643.0
2101905,21317.0
2101939,6102.0
2101970,8494.0
2102002,42010.0
2102036,35095.0
2102077,16578.0
2102101,36900.0
2102150,8841.0
2102200,28916.0
2102309,23993.0
2102325,73595.0
2102358,15503.0
2102374,9524.0
2102408,11255.0
2102507,19521.0
2102556,14530.0
2102606,20376.0
2102705,22236.0
2102754,10937.0
2102804,24151.0
2102903,24095.0
2103000,166159.0
2103109,10711.0
2103125,8806.0
2103158,13876.0
2103174,22056.0
2103208,80705.0
2103257,14855.0
2103307,123368.0
2103406,49804.0
2103505,41443.0
2103554,16559.0
2103604,65788.0
2103703,32559.0
2103752,12923.0
2103802,23393.0
2103901,11451.0
2104008,16971.0
2104057,43097.0
2104073,8506.0
2104081,10559.0
2104099,19425.0
2104107,12662.0
2104206,17812.0
2104305,12104.0
2104404,17953.0
2104503,10931.0
2104552,18740.0
2104602,14703.0
2104628,7878.0
2104651,10121.0
2104677,25502.0
2104701,6261.0
2104800,70692.0
2104909,11966.0
2105005,29143.0
2105104,27423.0
2105153,14470.0
2105203,11453.0
2105302,259980.0
2105351,16158.0
2105401,69233.0
2105427,26134.0
2105450,10464.0
2105476,17123.0
2105500,23677.0
2105609,16228.0
2105658,4334.0
2105708,50959.0
2105807,10900.0
2105906,16369.0
2105922,11280.0
2105948,8841.0
2105963,11534.0
2105989,7653.0
2106003,11943.0
2106102,12271.0
2106201,7016.0
2106300,20228.0
2106326,21773.0
2106359,7757.0
2106375,16754.0
2106409,17122.0
2106508,23591.0
2106607,34099.0
2106631,17316.0
2106672,8502.0
2106706,21045.0
2106755,29121.0
2106805,15059.0
2106904,33888.0
2107001,9064.0
2107100,19708.0
2107209,14826.0
2107258,5469.0
2107308,4682.0
2107357,21228.0
2107407,19616.0
2107456,14968.0
2107506,125265.0
2107605,19840.0
2107704,21571.0
2107803,35108.0
2107902,19253.0
2108009,19693.0
2108058,16295.0
2108108,21092.0
2108207,39153.0
2108256,25560.0
2108306,38987.0
2108405,14371.0
2108454,23530.0
2108504,33186.0
2108603,84160.0
2108702,21274.0
2108801,18814.0
2108900,17321.0
2109007,24294.0
2109056,5936.0
2109106,48264.0
2109205,12939.0
2109239,7124.0
2109270,19217.0
2109304,11328.0
2109403,15545.0
2109452,31586.0
2109502,20288.0
2109551,7859.0
2109601,43243.0
2109700,5686.0
2109759,7878.0
2109809,42829.0
2109908,89927.0
2110005,73105.0
2110039,25487.0
2110104,25884.0
2110203,38732.0
2110237,13704.0
2110278,16219.0
2110302,14516.0
2110401,18769.0
2110500,45989.0
2110609,28825.0
2110658,7448.0
2110708,34391.0
2110807,4540.0
2110856,12082.0
2110906,12226.0
2111003,20736.0
2111029,15768.0
2111052,11207.0
2111078,18746.0
2111102,26063.0
2111201,180345.0
2111250,7639.0
2111300,1115932.0
2111409,18600.0
2111508,41750.0
2111532,12779.0
2111573,4700.0
2111607,19090.0
2111631,5028.0
2111672,6856.0
2111706,22452.0
2111722,14274.0
2111748,11285.0
2111763,13981.0
2111789,10343.0
2111805,18237.0
2111904,10631.0
2111953,5692.0
2112001,8642.0
2112100,29241.0
2112209,171317.0
2112233,22223.0
2112274,5868.0
2112308,42242.0
2112407,35811.0
2112456,26112.0
2112506,59927.0
2112605,33791.0
2112704,57813.0
2112803,52852.0
2112852,13800.0
2112902,32956.0
2113009,31520.0
2114007,52190.0
2200053,7119.0
2200103,5123.0
2200202,17525.0
2200251,7678.0
2200277,4921.0
2200301,14371.0
2200400,40681.0
2200459,5469.0
2200509,17609.0
2200608,6779.0
2200707,9994.0
2200806,3175.0
2200905,5819.0
2200954,2551.0
2201002,4713.0
2201051,7879.0
2201101,11361.0
2201150,11751.0
2201176,3953.0
2201200,47298.0
2201309,3356.0
2201408,7022.0
2201507,26951.0
2201556,4044.0
2201572,3607.0
2201606,10479.0
2201705,5512.0
2201739,6214.0
2201770,6848.0
2201804,4509.0
2201903,25584.0
2201919,5670.0
2201929,5700.0
2201945,6443.0
2201960,8364.0
2201988,3824.0
2202000,19832.0
2202026,8282.0
2202059,10671.0
2202075,3586.0
2202083,7704.0
2202091,5786.0
2202109,5628.0
2202117,5093.0
2202133,5987.0
2202174,7342.0
2202208,46950.0
2202251,3938.0
2202307,21326.0
2202406,11471.0
2202455,4127.0
2202505,11009.0
2202539,5910.0
2202554,5102.0
2202604,19716.0
2202653,5477.0
2202703,27901.0
2202711,4908.0
2202729,6180.0
2202737,4044.0
2202752,6545.0
2202778,7665.0
2202802,4811.0
2202851,4688.0
2202901,26771.0
2203008,8350.0
2203107,10464.0
2203206,11461.0
2203230,4982.0
2203255,4475.0
2203271,5390.0
2203305,13862.0
2203354,7046.0
2203404,6940.0
2203420,4352.0
2203453,9574.0
2203503,14550.0
2203602,4943.0
2203701,39953.0
2203750,5330.0
2203800,4461.0
2203859,2561.0
2203909,60111.0
2204006,5345.0
2204105,4300.0
2204154,3216.0
2204204,9423.0
2204303,11690.0
2204352,5477.0
2204402,10698.0
2204501,10496.0
2204550,4573.0
2204600,3880.0
2204659,9487.0
2204709,15330.0
2204808,9863.0
2204907,8582.0
2205003,11571.0
2205102,11037.0
2205151,5718.0
2205201,19233.0
2205250,4522.0
2205276,4885.0
2205300,4443.0
2205359,3003.0
2205409,14396.0
2205458,5488.0
2205508,39457.0
2205516,5491.0
2205524,5653.0
2205532,4790.0
2205540,2870.0
2205557,8610.0
2205565,4658.0
2205573,6795.0
2205581,4086.0
2205599,5219.0
2205607,5272.0
2205706,30558.0
2205805,25521.0
2205854,8372.0
2205904,5352.0
2205953,8590.0
2206001,4546.0
2206050,6456.0
2206100,10979.0
2206209,33901.0
2206308,1239.0
2206357,6603.0
2206407,10563.0
2206506,7785.0
2206605,10618.0
2206654,4527.0
2206670,6825.0
2206696,9258.0
2206704,7307.0
2206720,8632.0
2206753,4911.0
2206803,8751.0
2206902,6548.0
2206951,3014.0
2207009,37138.0
2207108,2477.0
2207207,6879.0
2207306,4124.0
2207355,3416.0
2207405,5029.0
2207504,14633.0
2207553,3931.0
2207603,10846.0
2207702,153863.0
2207751,4331.0
2207777,6420.0
2207793,4084.0
2207801,20583.0
2207850,3662.0
2207900,38812.0
2207934,2551.0
2207959,4392.0
2208007,78627.0
2208106,12150.0
2208205,18492.0
2208304,28952.0
2208403,63829.0
2208502,12646.0
2208551,2728.0
2208601,3149.0
2208650,9041.0
2208700,8814.0
2208809,17979.0
2208858,4306.0
2208874,4499.0
2208908,7408.0
2209005,6434.0
2209104,6254.0
2209153,4046.0
2209203,6256.0
2209302,5903.0
2209351,4650.0
2209377,5254.0
2209401,6466.0
2209450,2172.0
2209500,3809.0
2209559,4454.0
2209609,2923.0
2209658,5801.0
2209708,6417.0
2209757,3071.0
2209807,5044.0
2209856,4619.0
2209872,6084.0
2209906,6106.0
2209955,4856.0
2209971,8085.0
2210003,20720.0
2210052,5361.0
2210102,3737.0
2210201,6696.0
2210300,6379.0
2210359,4581.0
2210375,2648.0
2210383,2456.0
2210391,3037.0
2210409,17617.0
2210508,14356.0
2210607,35035.0
2210623,3434.0
2210631,4311.0
2210656,10074.0
2210706,14664.0
2210805,12778.0
2210904,4557.0
2210938,6801.0
2210953,2939.0
2210979,2781.0
2211001,871126.0
2211100,44649.0
2211209,21746.0
2211308,20940.0
2211357,4930.0
2211407,4382.0
2211506,3082.0
2211605,2935.0
2211704,4479.0
2300101,11965.0
2300150,15140.0
2300200,63556.0
2300309,54687.0
2300408,17584.0
2300507,11846.0
2300606,7712.0
2300705,16077.0
2300754,44195.0
2300804,7402.0
2300903,14742.0
2301000,81581.0
2301109,75392.0
2301208,26600.0
2301257,10983.0
2301307,21707.0
2301406,11759.0
2301505,7848.0
2301604,23537.0
2301703,24567.0
2301802,6318.0
2301851,18313.0
2301901,61662.0
2301950,22715.0
2302008,22834.0
2302057,15069.0
2302107,36127.0
2302206,54315.0
2302305,32851.0
2302404,54680.0
2302503,50195.0
2302602,64147.0
2302701,27513.0
2302800,77484.0
2302909,17830.0
2303006,23011.0
2303105,18470.0
2303204,27008.0
2303303,18700.0
2303402,17763.0
2303501,72706.0
2303600,21041.0
2303659,10410.0
2303709,368918.0
2303808,25612.0
2303907,13112.0
2303931,13608.0
2303956,20286.0
2304004,23340.0
2304103,75241.0
2304202,133913.0
2304236,18201.0
2304251,25121.0
2304269,9698.0
2304277,7254.0
2304285,55035.0
2304301,19330.0
2304350,24680.0
2304400,2703391.0
2304459,16776.0
2304509,14195.0
2304608,7767.0
2304657,14415.0
2304707,55170.0
2304806,4784.0
2304905,11219.0
2304954,26508.0
2305001,40921.0
2305100,5073.0
2305209,20126.0
2305233,69688.0
2305266,13385.0
2305308,25165.0
2305332,12730.0
2305357,20183.0
2305407,68303.0
2305506,103633.0
2305605,26196.0
2305654,11597.0
2305704,12507.0
2305803,42148.0
2305902,38064.0
2306009,14351.0
2306108,24450.0
2306207,7904.0
2306256,38661.0
2306306,53448.0
2306405,131687.0
2306504,20653.0
2306553,42595.0
2306603,22018.0
2306702,18133.0
2306801,11580.0
2306900,34592.0
2307007,33960.0
2307106,27187.0
2307205,8150.0
2307254,20351.0
2307304,278264.0
2307403,24949.0
2307502,31476.0
2307601,60232.0
2307635,20031.0
2307650,230986.0
2307700,131677.0
2307809,27822.0
2307908,11407.0
2308005,39341.0
2308104,48370.0
2308203,15309.0
2308302,27413.0
2308351,13129.0
2308377,13965.0
2308401,35566.0
2308500,43917.0
2308609,17264.0
2308708,61590.0
2308807,8833.0
2308906,22830.0
2309003,14561.0
2309102,11056.0
2309201,15798.0
2309300,32487.0
2309409,28737.0
2309458,25958.0
2309508,21342.0
2309607,74145.0
2309706,85647.0
2309805,12313.0
2309904,6565.0
2310001,9458.0
2310100,13553.0
2310209,35526.0
2310258,33232.0
2310308,31391.0
2310407,12276.0
2310506,43359.0
2310605,9207.0
2310704,38045.0
2310803,16356.0
2310852,20964.0
2310902,17210.0
2310951,11052.0
2311009,12358.0
2311108,14920.0
2311207,11165.0
2311231,6455.0
2311264,21246.0
2311306,88899.0
2311355,16116.0
2311405,82455.0
2311504,22432.0
2311603,29238.0
2311702,18279.0
2311801,79550.0
2311900,15757.0
2311959,16714.0
2312007,32851.0
2312106,17726.0
2312205,43719.0
2312304,48354.0
2312403,49306.0
2312502,7557.0
2312601,13086.0
2312700,25418.0
2312809,7758.0
2312908,212437.0
2313005,18389.0
2313104,32079.0
2313203,26199.0
2313252,8555.0
2313302,59259.0
2313351,19551.0
2313401,77111.0
2313500,56653.0
2313559,16588.0
2313609,35295.0
2313708,7740.0
2313757,19976.0
2313807,22223.0
2313906,13988.0
2313955,18520.0
2314003,41078.0
2314102,61916.0
2400109,11106.0
2400208,58743.0
2400307,11024.0
2400406,3293.0
2400505,13529.0
2400604,4685.0
2400703,14923.0
2400802,11695.0
2400901,7162.0
2401008,35904.0
2401107,28156.0
2401206,14526.0
2401305,9686.0
2401404,9373.0
2401453,29112.0
2401503,3989.0
2401602,5552.0
2401651,2171.0
2401701,10323.0
2401800,12873.0
2401859,6572.0
2401909,3745.0
2402006,68726.0
2402105,11363.0
2402204,34814.0
2402303,20588.0
2402402,8297.0
2402501,10972.0
2402600,74268.0
2402709,11182.0
2402808,5501.0
2402907,4918.0
2403004,7968.0
2403103,45022.0
2403202,7068.0
2403251,272490.0
2403301,5697.0
2403400,6064.0
2403509,10463.0
2403608,29282.0
2403707,6009.0
2403756,3081.0
2403806,9772.0
2403905,2801.0
2404002,4015.0
2404101,2903.0
2404200,27004.0
2404309,13115.0
2404408,10541.0
2404507,16261.0
2404606,14033.0
2404705,15759.0
2404804,2264.0
2404853,7641.0
2404903,5916.0
2405009,9341.0
2405108,6907.0
2405207,5228.0
2405306,10367.0
2405405,4935.0
2405504,2600.0
2405603,15044.0
2405702,12397.0
2405801,35360.0
2405900,2653.0
2406007,5941.0
2406106,18335.0
2406155,3945.0
2406205,6851.0
2406304,7624.0
2406403,2732.0
2406502,15880.0
2406601,8348.0
2406700,11410.0
2406809,4768.0
2406908,4053.0
2407005,10175.0
2407104,82828.0
2407203,32260.0
2407252,4102.0
2407302,8325.0
2407401,8790.0
2407500,12714.0
2407609,4665.0
2407708,11166.0
2407807,22698.0
2407906,2063.0
2408003,303792.0
2408102,896708.0
2408201,28266.0
2408300,37554.0
2408409,4231.0
2408508,4813.0
2408607,4298.0
2408706,3732.0
2408805,5307.0
2408904,21611.0
2408953,10961.0
2409100,13667.0
2409209,3114.0
2409308,12861.0
2409332,5689.0
2409407,30802.0
2409506,3163.0
2409605,2419.0
2409704,6591.0
2409803,14881.0
2409902,15411.0
2410009,3900.0
2410108,15646.0
2410207,7944.0
2410256,6605.0
2410306,10646.0
2410405,9825.0
2410504,5158.0
2410603,3214.0
2410702,3648.0
2410801,4194.0
2410900,8310.0
2411007,4457.0
2411056,4173.0
2411106,3584.0
2411205,40295.0
2411403,11808.0
2411429,2699.0
2411502,24422.0
2411601,2687.0
2411700,4541.0
2411809,3606.0
2411908,4281.0
2412005,104919.0
2412104,6221.0
2412203,44566.0
2412302,12901.0
2412401,4696.0
2412500,23789.0
2412559,10441.0
2412609,17858.0
2412708,5889.0
2412807,8183.0
2412906,11051.0
2413003,6476.0
2413102,6167.0
2413201,4527.0
2413300,5739.0
2413359,12225.0
2413409,8105.0
2413508,6128.0
2413557,4832.0
2413607,1743.0
2413706,5600.0
2413805,2606.0
2413904,12314.0
2414001,16008.0
2414100,10923.0
2414159,6085.0
2414209,14694.0
2414308,2427.0
2414407,33716.0
2414456,3195.0
2414506,10485.0
2414605,14937.0
2414704,5529.0
2414753,4232.0
2414803,12789.0
2414902,1731.0
2415008,3217.0
2500106,10375.0
2500205,5622.0
2500304,28384.0
2500403,20992.0
2500502,14629.0
2500536,5527.0
2500577,2588.0
2500601,19865.0
2500700,18020.0
2500734,2264.0
2500775,8482.0
2500809,16857.0
2500908,13613.0
2501005,20610.0
2501104,22493.0
2501153,2105.0
2501203,7054.0
2501302,19081.0
2501351,4067.0
2501401,9197.0
2501500,21220.0
2501534,5033.0
2501575,8338.0
2501609,15607.0
2501708,6095.0
2501807,97519.0
2501906,17733.0
2502003,7356.0
2502052,3571.0
2502102,5248.0
2502151,7218.0
2502201,2588.0
2502300,4937.0
2502409,12126.0
2502508,17934.0
2502607,6092.0
2502706,5311.0
2502805,14287.0
2502904,6479.0
2503001,22079.0
2503100,5710.0
2503209,69773.0
2503308,10364.0
2503407,3708.0
2503506,17169.0
2503555,7225.0
2503605,7182.0
2503704,62576.0
2503753,3217.0
2503803,6077.0
2503902,6048.0
2504009,413830.0
2504033,6715.0
2504074,4206.0
2504108,2714.0
2504157,7530.0
2504207,4938.0
2504306,30819.0
2504355,4898.0
2504405,19030.0
2504504,6662.0
2504603,25341.0
2504702,4787.0
2504801,15438.0
2504850,1948.0
2504900,17599.0
2505006,7866.0
2505105,20331.0
2505204,6748.0
2505238,6360.0
2505279,5209.0
2505303,2508.0
2505352,5409.0
2505402,8332.0
2505501,3850.0
2505600,6506.0
2505709,10375.0
2505808,3569.0
2505907,3556.0
2506004,33386.0
2506103,11180.0
2506202,2989.0
2506251,8292.0
2506301,59389.0
2506400,14125.0
2506509,3477.0
2506608,5877.0
2506707,11877.0
2506806,18184.0
2506905,24363.0
2507002,24960.0
2507101,18978.0
2507200,11069.0
2507309,14467.0
2507408,7751.0
2507507,825796.0
2507606,8014.0
2507705,18422.0
2507804,7238.0
2507903,10830.0
2508000,9831.0
2508109,4640.0
2508208,7754.0
2508307,27728.0
2508406,2698.0
2508505,7274.0
2508554,4406.0
2508604,13344.0
2508703,3988.0
2508802,5745.0
2508901,45385.0
2509008,10988.0
2509057,8746.0
2509107,21895.0
2509156,6689.0
2509206,14077.0
2509305,8642.0
2509339,4528.0
2509370,2944.0
2509396,6690.0
2509404,13238.0
2509503,5806.0
2509602,4867.0
2509701,33638.0
2509800,9962.0
2509909,10449.0
2510006,7271.0
2510105,10614.0
2510204,5892.0
2510303,5011.0
2510402,6399.0
2510501,3989.0
2510600,3052.0
2510659,1747.0
2510709,2453.0
2510808,108766.0
2510907,12411.0
2511004,3802.0
2511103,7954.0
2511202,28607.0
2511301,16147.0
2511400,18737.0
2511509,12036.0
2511608,6518.0
2511707,4937.0
2511806,10590.0
2511905,19478.0
2512002,18848.0
2512036,3877.0
2512077,4366.0
2512101,32803.0
2512200,4265.0
2512309,23749.0
2512408,13801.0
2512507,44388.0
2512606,2009.0
2512705,19973.0
2512721,6139.0
2512747,3650.0
2512754,4562.0
2512762,4571.0
2512788,1999.0
2512804,8555.0
2512903,24258.0
2513000,3975.0
2513109,12123.0
2513158,6526.0
2513208,6579.0
2513307,5853.0
2513356,3591.0
2513406,15470.0
2513505,5098.0
2513604,6942.0
2513653,2640.0
2513703,138093.0
2513802,4550.0
2513851,2496.0
2513901,34650.0
2513927,4602.0
2513943,2645.0
2513968,3119.0
2513984,3377.0
2514008,4170.0
2514107,4408.0
2514206,7622.0
2514305,6394.0
2514404,4631.0
2514453,6037.0
2514503,20406.0
2514552,3898.0
2514602,3619.0
2514651,1821.0
2514701,4153.0
2514800,3607.0
2514909,7682.0
2515005,7450.0
2515104,11793.0
2515203,3534.0
2515302,52977.0
2515401,10919.0
2515500,13807.0
2515609,3114.0
2515708,2921.0
2515807,7001.0
2515906,6037.0
2515930,5152.0
2515971,7845.0
2516003,26051.0
2516102,15211.0
2516151,3631.0
2516201,69997.0
2516300,17096.0
2516409,11024.0
2516508,15505.0
2516607,14791.0
2516706,15333.0
2516755,3103.0
2516805,9473.0
2516904,15356.0
2517001,9914.0
2517100,2870.0
2517209,5395.0
2517407,2269.0
2600054,100698.0
2600104,37546.0
2600203,19981.0
2600302,25240.0
2600401,37386.0
2600500,43923.0
2600609,14798.0
2600708,38408.0
2600807,22996.0
2600906,22910.0
2601003,11301.0
2601052,20936.0
2601102,85301.0
2601201,75295.0
2601300,14632.0
2601409,42866.0
2601508,12169.0
2601607,20730.0
2601706,76930.0
2601805,12811.0
2601904,60960.0
2602001,38605.0
2602100,48975.0
2602209,40038.0
2602308,38101.0
2602407,8981.0
2602506,7489.0
2602605,51696.0
2602704,13224.0
2602803,59448.0
2602902,210796.0
2603009,34778.0
2603108,20618.0
2603207,29065.0
2603306,10983.0
2603405,5744.0
2603454,159945.0
2603504,19032.0
2603603,8592.0
2603702,24743.0
2603801,20048.0
2603900,19666.0
2603926,13117.0
2604007,85131.0
2604106,369343.0
2604155,14395.0
2604205,43778.0
2604304,11972.0
2604403,13641.0
2604502,21929.0
2604601,26755.0
2604700,18327.0
2604809,12543.0
2604908,9494.0
2605004,24237.0
2605103,37633.0
2605152,19246.0
2605202,69701.0
2605301,31709.0
2605400,22360.0
2605459,3140.0
2605509,12216.0
2605608,22612.0
2605707,33488.0
2605806,15633.0
2605905,31578.0
2606002,141347.0
2606101,30847.0
2606200,80345.0
2606309,7586.0
2606408,85309.0
2606507,19284.0
2606606,29585.0
2606705,7773.0
2606804,119690.0
2606903,12265.0
2607000,24034.0
2607109,4537.0
2607208,99101.0
2607307,31515.0
2607406,5013.0
2607505,26268.0
2607604,27076.0
2607653,36495.0
2607703,13492.0
2607752,27144.0
2607802,17056.0
2607901,711330.0
2607950,11632.0
2608008,17305.0
2608057,14904.0
2608107,33570.0
2608206,15999.0
2608255,11545.0
2608305,15007.0
2608404,15483.0
2608453,18429.0
2608503,21490.0
2608602,13300.0
2608701,16345.0
2608750,26090.0
2608800,40883.0
2608909,56149.0
2609006,25565.0
2609105,16549.0
2609154,22110.0
2609204,11098.0
2609303,15548.0
2609402,63792.0
2609501,32673.0
2609600,393734.0
2609709,23985.0
2609808,15309.0
2609907,70466.0
2610004,63745.0
2610103,7509.0
2610202,26438.0
2610301,11608.0
2610400,22198.0
2610509,28856.0
2610608,57346.0
2610707,336919.0
2610806,22716.0
2610905,68067.0
2611002,37246.0
2611101,359372.0
2611200,11308.0
2611309,27204.0
2611408,15231.0
2611507,26309.0
2611533,6796.0
2611606,1661017.0
2611705,20744.0
2611804,47813.0
2611903,23719.0
2612000,9600.0
2612109,11214.0
2612208,61561.0
2612307,15880.0
2612406,27308.0
2612455,15713.0
2612471,12708.0
2612505,111812.0
2612554,14645.0
2612604,42266.0
2612703,14308.0
2612802,11914.0
2612901,16239.0
2613008,60567.0
2613107,37488.0
2613206,23002.0
2613305,21439.0
2613404,21868.0
2613503,34082.0
2613602,34210.0
2613701,114910.0
2613800,18150.0
2613909,87467.0
2614006,19226.0
2614105,36189.0
2614204,46845.0
2614303,11269.0
2614402,6034.0
2614501,66192.0
2614600,28860.0
2614709,12843.0
2614808,26439.0
2614857,23852.0
2615003,29472.0
2615102,7227.0
2615201,10314.0
2615300,52587.0
2615409,47088.0
2615508,13856.0
2615607,31103.0
2615706,15232.0
2615805,27793.0
2615904,8266.0
2616001,18835.0
2616100,9572.0
2616183,7526.0
2616209,21172.0
2616308,32897.0
2616407,140389.0
2616506,14789.0
2700102,20263.0
2700201,17507.0
2700300,234309.0
2700409,47540.0
2700508,16201.0
2700607,8434.0
2700706,18440.0
2700805,4226.0
2700904,6717.0
2701001,27429.0
2701100,10426.0
2701209,10920.0
2701308,21397.0
2701357,6972.0
2701407,57997.0
2701506,9576.0
2701605,17715.0
2701704,16907.0
2701803,9568.0
2701902,7311.0
2702009,10594.0
2702108,21935.0
2702207,5882.0
2702306,57647.0
2702355,24396.0
2702405,52501.0
2702504,11059.0
2702553,18304.0
2702603,22192.0
2702702,4803.0
2702801,12823.0
2702900,41549.0
2703007,15637.0
2703106,25596.0
2703205,24670.0
2703304,18398.0
2703403,5185.0
2703502,6992.0
2703601,8444.0
2703700,5751.0
2703759,11495.0
2703809,24167.0
2703908,4119.0
2704005,24716.0
2704104,17692.0
2704203,28904.0
2704302,1031597.0
2704401,19923.0
2704500,33351.0
2704609,8850.0
2704708,52848.0
2704807,13123.0
2704906,3474.0
2705002,25200.0
2705101,24627.0
2705200,18201.0
2705309,5315.0
2705408,7171.0
2705507,28428.0
2705606,12837.0
2705705,21690.0
2705804,9507.0
2705903,5133.0
2706000,11681.0
2706109,11573.0
2706208,5061.0
2706307,73452.0
2706406,24307.0
2706422,10546.0
2706448,13484.0
2706505,15270.0
2706604,7556.0
2706703,64005.0
2706802,17868.0
2706901,35310.0
2707008,2903.0
2707107,25324.0
2707206,14447.0
2707305,27331.0
2707404,7618.0
2707503,20158.0
2707602,11202.0
2707701,75662.0
2707800,6634.0
2707909,7344.0
2708006,47910.0
2708105,10637.0
2708204,6977.0
2708303,24064.0
2708402,32462.0
2708501,34825.0
2708600,62328.0
2708709,8073.0
2708808,34424.0
2708907,14042.0
2708956,13893.0
2709004,6115.0
2709103,20162.0
2709152,44570.0
2709202,27934.0
2709301,65963.0
2709400,25655.0
2800100,2386.0
2800209,21796.0
2800308,672614.0
2800407,9840.0
2800506,18825.0
2800605,31439.0
2800670,26980.0
2800704,8396.0
2801009,18325.0
2801108,4003.0
2801207,30894.0
2801306,34808.0
2801405,22393.0
2801504,17232.0
2801603,5929.0
2801702,18181.0
2801900,4008.0
2802007,5290.0
2802106,69919.0
2802205,5617.0
2802304,15688.0
2802403,11599.0
2802502,3421.0
2802601,5831.0
2802700,8522.0
2802809,18337.0
2802908,96839.0
2803005,42399.0
2803104,4869.0
2803203,35054.0
2803302,19067.0
2803401,13422.0
2803500,106015.0
2803609,30327.0
2803708,7002.0
2803807,3715.0
2803906,12689.0
2804003,17328.0
2804102,11361.0
2804201,15315.0
2804300,7653.0
2804409,18688.0
2804458,8822.0
2804508,37715.0
2804607,26957.0
2804706,6509.0
2804805,187733.0
2804904,14650.0
2805000,3309.0
2805109,9727.0
2805208,6678.0
2805307,9436.0
2805406,35461.0
2805505,24003.0
2805604,28788.0
2805703,29756.0
2805802,19813.0
2805901,10354.0
2806008,18891.0
2806107,11158.0
2806206,20051.0
2806305,14205.0
2806404,7906.0
2806503,3933.0
2806602,12200.0
2806701,92090.0
2806800,11276.0
2806909,3837.0
2807006,3964.0
2807105,40724.0
2807204,9046.0
2807303,3271.0
2807402,52861.0
2807501,13534.0
2807600,25800.0
2900108,8681.0
2900207,20594.0
2900306,15214.0
2900355,17209.0
2900405,17096.0
2900504,10513.0
2900603,4387.0
2900702,153023.0
2900801,22509.0
2900900,5273.0
2901007,37631.0
2901106,24997.0
2901155,16086.0
2901205,21229.0
2901304,13122.0
2901353,14416.0
2901403,13902.0
2901502,11369.0
2901601,19659.0
2901700,11670.0
2901809,11955.0
2901908,17840.0
2901957,7274.0
2902005,12960.0
2902054,12237.0
2902104,54903.0
2902203,11519.0
2902252,10904.0
2902302,8848.0
2902401,11079.0
2902500,13979.0
2902609,20431.0
2902658,13251.0
2902708,54225.0
2902807,20198.0
2902906,30831.0
2903003,13128.0
2903102,5515.0
2903201,158432.0
2903235,15171.0
2903276,16225.0
2903300,5312.0
2903409,23540.0
2903508,17013.0
2903607,15989.0
2903706,12039.0
2903805,18491.0
2903904,70151.0
2903953,9768.0
2904001,14518.0
2904050,16999.0
2904100,21486.0
2904209,10050.0
2904308,14155.0
2904407,10675.0
2904506,10705.0
2904605,67468.0
2904704,18269.0
2904753,21374.0
2904803,6232.0
2904852,19010.0
2904902,33659.0
2905008,23407.0
2905107,8912.0
2905156,14671.0
2905206,51184.0
2905305,18585.0
2905404,18666.0
2905503,13452.0
2905602,32023.0
2905701,309208.0
2905800,35444.0
2905909,28839.0
2906006,71754.0
2906105,9694.0
2906204,26468.0
2906303,30722.0
2906402,8109.0
2906501,87820.0
2906600,14415.0
2906709,24921.0
2906808,34929.0
2906824,16832.0
2906857,11597.0
2906873,31055.0
2906899,8659.0
2906907,22166.0
2907004,9395.0
2907103,29118.0
2907202,73092.0
2907301,26369.0
2907400,3619.0
2907509,55222.0
2907558,9303.0
2907608,17293.0
2907707,11221.0
2907806,32636.0
2907905,17402.0
2908002,16128.0
2908101,18835.0
2908200,22933.0
2908309,17087.0
2908408,67394.0
2908507,33631.0
2908606,26223.0
2908705,17113.0
2908804,4025.0
2908903,22391.0
2909000,8667.0
2909109,14108.0
2909208,15549.0
2909307,32243.0
2909406,13756.0
2909505,5352.0
2909604,21219.0
2909703,13981.0
2909802,63923.0
2909901,35065.0
2910008,10347.0
2910057,83705.0
2910107,12281.0
2910206,4072.0
2910305,8129.0
2910404,15914.0
2910503,42014.0
2910602,37902.0
2910701,61112.0
2910727,115360.0
2910750,17801.0
2910776,5656.0
2910800,624107.0
2910859,16314.0
2910909,5641.0
2911006,10525.0
2911105,26111.0
2911204,32778.0
2911253,4417.0
2911303,11284.0
2911402,15247.0
2911501,6852.0
2911600,20800.0
2911659,6371.0
2911709,85353.0
2911808,20565.0
2911857,12946.0
2911907,23950.0
2912004,8849.0
2912103,21083.0
2912202,19990.0
2912301,16262.0
2912400,18421.0
2912509,14989.0
2912608,4047.0
2912707,23433.0
2912806,8740.0
2912905,14476.0
2913002,16463.0
2913101,17048.0
2913200,27076.0
2913309,6232.0
2913408,15661.0
2913457,12963.0
2913507,27006.0
2913606,157639.0
2913705,40720.0
2913804,14229.0
2913903,45969.0
2914000,59281.0
2914109,9954.0
2914208,7295.0
2914307,7874.0
2914406,25728.0
2914505,29305.0
2914604,74050.0
2914653,30901.0
2914703,64795.0
2914802,214123.0
2914901,29051.0
2915007,16164.0
2915106,12140.0
2915205,14331.0
2915304,6784.0
2915353,14650.0
2915403,6515.0
2915502,20309.0
2915601,64423.0
2915700,7971.0
2915809,22474.0
2915908,6433.0
2916005,19231.0
2916104,22440.0
2916203,8300.0
2916302,10173.0
2916401,77408.0
2916500,36173.0
2916609,10284.0
2916708,8375.0
2916807,19937.0
2916856,14588.0
2916906,12482.0
2917003,36140.0
2917102,20394.0
2917201,19095.0
2917300,28870.0
2917334,11038.0
2917359,8176.0
2917409,14855.0
2917508,80749.0
2917607,54913.0
2917706,33915.0
2917805,19162.0
2917904,10742.0
2918001,156277.0
2918100,40832.0
2918209,14576.0
2918308,10470.0
2918357,25606.0
2918407,219544.0
2918456,8856.0
2918506,15241.0
2918555,5706.0
2918605,5777.0
2918704,3663.0
2918753,15870.0
2918803,24214.0
2918902,3993.0
2919009,3735.0
2919058,8591.0
2919108,8078.0
2919157,27323.0
2919207,204669.0
2919306,11586.0
2919405,12357.0
2919504,46372.0
2919553,92671.0
2919603,11318.0
2919702,19056.0
2919801,50481.0
2919900,7752.0
2919926,21754.0
2919959,2386.0
2920007,10294.0
2920106,18535.0
2920205,16875.0
2920304,8326.0
2920403,12944.0
2920452,13822.0
2920502,19973.0
2920601,44902.0
2920700,20664.0
2920809,10357.0
2920908,13619.0
2921005,47643.0
2921054,12359.0
2921104,22741.0
2921203,25771.0
2921302,10838.0
2921401,18603.0
2921450,8264.0
2921500,49145.0
2921609,8476.0
2921708,35466.0
2921807,12063.0
2921906,8725.0
2922003,42729.0
2922052,10469.0
2922102,27153.0
2922201,7464.0
2922250,11479.0
2922300,29420.0
2922409,22340.0
2922508,28661.0
2922607,14156.0
2922656,13197.0
2922706,16482.0
2922730,7830.0
2922755,6518.0
2922805,8328.0
2922854,9126.0
2922904,27047.0
2923001,44170.0
2923035,12653.0
2923050,15445.0
2923100,28373.0
2923209,21797.0
2923308,8575.0
2923357,17567.0
2923407,21840.0
2923506,9123.0
2923605,21777.0
2923704,32274.0
2923803,29124.0
2923902,9550.0
2924009,119213.0
2924058,13535.0
2924108,7438.0
2924207,16698.0
2924306,16854.0
2924405,35295.0
2924504,16308.0
2924603,20048.0
2924652,10353.0
2924678,10050.0
2924702,10253.0
2924801,25162.0
2924900,9415.0
2925006,26581.0
2925105,46885.0
2925204,40401.0
2925253,14729.0
2925303,152529.0
2925402,6623.0
2925501,28214.0
2925600,15180.0
2925709,12028.0
2925758,28272.0
2925808,25428.0
2925907,27672.0
2925931,8939.0
2925956,22643.0
2926004,41324.0
2926103,14588.0
2926202,22330.0
2926301,33498.0
2926400,35757.0
2926509,14631.0
2926608,54097.0
2926657,4896.0
2926707,12878.0
2926806,15521.0
2926905,11672.0
2927002,41209.0
2927101,9548.0
2927200,30900.0
2927309,16047.0
2927408,2900319.0
2927507,20971.0
2927606,13917.0
2927705,28058.0
2927804,6241.0
2927903,10583.0
2928000,37704.0
2928059,12308.0
2928109,39707.0
2928208,26792.0
2928307,8987.0
2928406,28613.0
2928505,10520.0
2928604,60190.0
2928703,103204.0
2928802,53666.0
2928901,34764.0
2928950,9085.0
2929008,14784.0
2929057,15543.0
2929107,21083.0
2929206,40664.0
2929255,18785.0
2929305,38315.0
2929354,5562.0
2929370,10546.0
2929404,11733.0
2929503,44554.0
2929602,17421.0
2929701,17330.0
2929750,12163.0
2929800,12971.0
2929909,44370.0
2930006,11586.0
2930105,79813.0
2930154,31362.0
2930204,41279.0
2930303,17261.0
2930402,14531.0
2930501,81693.0
2930600,13490.0
2930709,137117.0
2930758,13104.0
2930766,9431.0
2930774,23274.0
2930808,17118.0
2930907,12515.0
2931004,20383.0
2931053,17518.0
2931103,7936.0
2931202,21421.0
2931301,16939.0
2931350,164290.0
2931400,7296.0
2931509,22590.0
2931608,15097.0
2931707,13018.0
2931806,15996.0
2931905,50903.0
2932002,23991.0
2932101,19860.0
2932200,18647.0
2932309,27481.0
2932408,13894.0
2932457,19573.0
2932507,18108.0
2932606,16672.0
2932705,20312.0
2932804,19330.0
2932903,97873.0
2933000,29111.0
2933059,14135.0
2933109,9247.0
2933158,12556.0
2933174,8734.0
2933208,44185.0
2933257,6105.0
2933307,343643.0
2933406,9342.0
2933455,12125.0
2933505,20862.0
2933604,46562.0
3100104,7022.0
3100203,23263.0
3100302,13434.0
3100401,3995.0
3100500,9270.0
3100609,13319.0
3100708,1986.0
3100807,4557.0
3100906,19285.0
3101003,13656.0
3101102,25116.0
3101201,5949.0
3101300,2657.0
3101409,3015.0
3101508,35438.0
3101607,80973.0
3101631,7052.0
3101706,42380.0
3101805,7448.0
3101904,20059.0
3102001,14566.0
3102050,5938.0
3102100,10723.0
3102209,3783.0
3102308,15135.0
3102407,3605.0
3102506,4643.0
3102605,41704.0
3102704,9470.0
3102803,12189.0
3102852,8594.0
3102902,11471.0
3103009,9233.0
3103108,1577.0
3103207,2360.0
3103306,2056.0
3103405,36715.0
3103504,118361.0
3103603,2779.0
3103702,8467.0
3103751,6992.0
3103801,2836.0
3103900,9523.0
3104007,108403.0
3104106,10990.0
3104205,40658.0
3104304,15288.0
3104403,2681.0
3104452,5305.0
3104502,17850.0
3104601,14358.0
3104700,12496.0
3104809,4833.0
3104908,19249.0
3105004,7780.0
3105103,23964.0
3105202,4738.0
3105301,5808.0
3105400,33232.0
3105509,5311.0
3105608,139061.0
3105707,4905.0
3105905,20981.0
3106002,10269.0
3106101,3422.0
3106200,2530701.0
3106309,27277.0
3106408,7723.0
3106507,11813.0
3106606,4609.0
3106655,4792.0
3106705,450024.0
3106804,3282.0
3106903,14612.0
3107000,2482.0
3107109,40308.0
3107208,5088.0
3107307,50521.0
3107406,51436.0
3107505,6444.0
3107604,4270.0
3107703,6182.0
3107802,14792.0
3107901,10527.0
3108008,17612.0
3108107,6852.0
3108206,5397.0
3108255,11502.0
3108305,19809.0
3108404,14927.0
3108503,6259.0
3108552,16950.0
3108602,32460.0
3108701,4255.0
3108800,4737.0
3108909,14364.0
3109006,41208.0
3109105,10982.0
3109204,10342.0
3109253,3984.0
3109303,25179.0
3109402,28184.0
3109451,7025.0
3109501,14074.0
3109600,3580.0
3109709,11609.0
3109808,2720.0
3109907,11869.0
3110004,45364.0
3110103,5584.0
3110202,3961.0
3110301,14600.0
3110400,2839.0
3110509,21831.0
3110608,30068.0
3110707,12810.0
3110806,3739.0
3110905,16855.0
3111002,21052.0
3111101,19759.0
3111150,3830.0
3111200,54338.0
3111309,11648.0
3111408,8383.0
3111507,15661.0
3111606,28908.0
3111705,4533.0
3111804,12251.0
3111903,5585.0
3112000,14890.0
3112059,4575.0
3112109,5464.0
3112208,4616.0
3112307,38321.0
3112406,6860.0
3112505,9896.0
3112604,16294.0
3112653,5559.0
3112703,15388.0
3112802,8693.0
3112901,9318.0
3113008,23872.0
3113107,3150.0
3113206,25831.0
3113305,33022.0
3113404,93124.0
3113503,9423.0
3113602,6826.0
3113701,18516.0
3113800,2660.0
3113909,12193.0
3114006,11546.0
3114105,15031.0
3114204,22900.0
3114303,30339.0
3114402,21310.0
3114501,19756.0
3114550,10103.0
3114600,4052.0
3114709,3614.0
3114808,4445.0
3114907,2251.0
3115003,3108.0
3115102,17741.0
3115201,3939.0
3115300,75942.0
3115359,5465.0
3115409,3665.0
3115458,6206.0
3115474,4944.0
3115508,21566.0
3115607,1150.0
3115706,7059.0
3115805,10343.0
3115904,3216.0
3116001,5695.0
3116100,15334.0
3116159,14217.0
3116209,2657.0
3116308,6811.0
3116407,4873.0
3116506,7478.0
3116605,29093.0
3116704,7631.0
3116803,8810.0
3116902,3128.0
3117009,6624.0
3117108,10351.0
3117207,2814.0
3117306,28782.0
3117405,4581.0
3117504,17438.0
3117603,5558.0
3117702,13729.0
3117801,11852.0
3117836,7730.0
3117876,6867.0
3117900,12209.0
3118007,55836.0
3118106,5047.0
3118205,6997.0
3118304,130584.0
3118403,22975.0
3118502,1786.0
3118601,673849.0
3118700,9099.0
3118809,26620.0
3118908,8903.0
3119005,3546.0
3119104,23607.0
3119203,9897.0
3119302,27958.0
3119401,110709.0
3119500,9209.0
3119609,3095.0
3119708,3448.0
3119807,3168.0
3119906,3685.0
3119955,6425.0
3120003,2688.0
3120102,4436.0
3120151,6814.0
3120201,13060.0
3120300,5992.0
3120409,5161.0
3120508,10211.0
3120607,5072.0
3120706,3651.0
3120805,15529.0
3120839,5026.0
3120870,7867.0
3120904,81085.0
3121001,5431.0
3121100,8007.0
3121209,7146.0
3121258,10994.0
3121308,5044.0
3121407,7266.0
3121506,2867.0
3121605,47924.0
3121704,3779.0
3121803,7493.0
3121902,3430.0
3122009,20020.0
3122108,4969.0
3122207,7655.0
3122306,242505.0
3122355,6946.0
3122405,6039.0
3122454,11396.0
3122470,3635.0
3122504,5025.0
3122603,4436.0
3122702,5227.0
3122801,2992.0
3122900,6664.0
3123007,10291.0
3123106,5139.0
3123205,13373.0
3123304,4202.0
3123403,1539.0
3123502,1915.0
3123528,7898.0
3123601,28556.0
3123700,11268.0
3123809,7240.0
3123858,5383.0
3123908,15458.0
3124005,19019.0
3124104,72512.0
3124203,25287.0
3124302,31603.0
3124401,4728.0
3124500,11416.0
3124609,2308.0
3124708,3483.0
3124807,8057.0
3124906,11383.0
3125002,3932.0
3125101,37649.0
3125200,2374.0
3125309,3202.0
3125408,4656.0
3125507,3178.0
3125606,7548.0
3125705,15528.0
3125804,3500.0
3125903,9576.0
3125952,11100.0
3126000,7602.0
3126109,67956.0
3126208,9810.0
3126307,4460.0
3126406,2986.0
3126505,10311.0
3126604,5268.0
3126703,26459.0
3126752,5287.0
3126802,5858.0
3126901,9716.0
3126950,3496.0
3127008,18866.0
3127057,4542.0
3127073,5232.0
3127107,60508.0
3127206,4434.0
3127305,6764.0
3127339,5084.0
3127354,3177.0
3127370,3402.0
3127388,4014.0
3127404,4360.0
3127503,6184.0
3127602,11811.0
3127701,282164.0
3127800,15943.0
3127909,1386.0
3128006,34818.0
3128105,14269.0
3128204,10307.0
3128253,5005.0
3128303,19014.0
3128402,8926.0
3128501,3755.0
3128600,6558.0
3128709,52234.0
3128808,7026.0
3128907,8168.0
3129004,8296.0
3129103,5516.0
3129202,6623.0
3129301,11085.0
3129400,4999.0
3129509,25511.0
3129608,8478.0
3129657,5340.0
3129707,14128.0
3129806,184030.0
3129905,3497.0
3130002,3003.0
3130051,12200.0
3130101,44561.0
3130200,11146.0
3130309,7901.0
3130408,6667.0
3130507,12511.0
3130556,6976.0
3130606,7387.0
3130655,7328.0
3130705,7009.0
3130804,2785.0
3130903,24020.0
3131000,6352.0
3131109,7605.0
3131158,18926.0
3131208,20133.0
3131307,267333.0
3131406,4229.0
3131505,10156.0
3131604,7067.0
3131703,121717.0
3131802,11637.0
3131901,52996.0
3132008,5447.0
3132107,18175.0
3132206,13510.0
3132305,12910.0
3132404,97782.0
3132503,35130.0
3132602,4395.0
3132701,23207.0
3132800,2032.0
3132909,10122.0
3133006,15844.0
3133105,15511.0
3133204,12259.0
3133303,20997.0
3133402,15511.0
3133501,21760.0
3133600,9976.0
3133709,11354.0
3133758,16286.0
3133808,94455.0
3133907,5321.0
3134004,15053.0
3134103,6074.0
3134202,105818.0
3134301,5978.0
3134400,40101.0
3134509,3749.0
3134608,20683.0
3134707,12320.0
3134806,7695.0
3134905,26538.0
3135001,3151.0
3135050,39850.0
3135076,5453.0
3135100,72374.0
3135209,67958.0
3135308,4418.0
3135357,7991.0
3135407,4795.0
3135456,7781.0
3135506,12246.0
3135605,7407.0
3135704,5203.0
3135803,25555.0
3135902,4774.0
3136009,15476.0
3136108,4382.0
3136207,80903.0
3136306,47990.0
3136405,4757.0
3136504,10872.0
3136520,4474.0
3136553,5104.0
3136579,4911.0
3136603,5739.0
3136652,27823.0
3136702,577532.0
3136801,4359.0
3136900,10795.0
3136959,5706.0
3137007,18272.0
3137106,7588.0
3137205,53236.0
3137304,4062.0
3137403,13115.0
3137502,18168.0
3137536,9681.0
3137601,66744.0
3137700,19914.0
3137809,20995.0
3137908,3366.0
3138005,6856.0
3138104,6494.0
3138203,105756.0
3138302,3222.0
3138351,4923.0
3138401,52690.0
3138500,4994.0
3138609,16749.0
3138625,7640.0
3138658,9766.0
3138674,6249.0
3138682,6735.0
3138708,5431.0
3138807,18297.0
3138906,7112.0
3139003,42682.0
3139102,5119.0
3139201,18556.0
3139250,6565.0
3139300,18051.0
3139409,92074.0
3139508,22894.0
3139607,27651.0
3139706,8113.0
3139805,12985.0
3139904,14019.0
3140001,61830.0
3140100,4079.0
3140159,15814.0
3140209,3000.0
3140308,4030.0
3140407,2701.0
3140506,13497.0
3140530,8640.0
3140555,8700.0
3140605,4415.0
3140704,31631.0
3140803,14626.0
3140852,11360.0
3140902,19098.0
3141009,12367.0
3141108,38469.0
3141207,3733.0
3141306,3861.0
3141405,20701.0
3141504,6446.0
3141603,10775.0
3141702,5489.0
3141801,31509.0
3141900,3891.0
3142007,13651.0
3142106,10818.0
3142205,15205.0
3142254,4939.0
3142304,4948.0
3142403,7589.0
3142502,2184.0
3142601,8764.0
3142700,14621.0
3142809,21349.0
3142908,20544.0
3143005,13139.0
3143104,48049.0
3143153,4939.0
3143203,21504.0
3143302,417478.0
3143401,24247.0
3143450,8379.0
3143500,8955.0
3143609,2413.0
3143708,3126.0
3143807,5960.0
3143906,109997.0
3144003,26945.0
3144102,20522.0
3144201,3221.0
3144300,40583.0
3144359,7104.0
3144375,3306.0
3144409,4727.0
3144508,8710.0
3144607,26882.0
3144656,10355.0
3144672,3067.0
3144706,17524.0
3144805,97378.0
3144904,3548.0
3145000,16046.0
3145059,7493.0
3145109,16937.0
3145208,108241.0
3145307,31339.0
3145356,10800.0
3145372,5348.0
3145406,1694.0
3145455,6243.0
3145505,2829.0
3145604,41987.0
3145703,2128.0
3145802,3155.0
3145851,4671.0
3145877,8138.0
3145901,40220.0
3146008,33938.0
3146107,74824.0
3146206,5895.0
3146255,6466.0
3146305,20346.0
3146404,4440.0
3146503,8308.0
3146552,6098.0
3146602,1517.0
3146701,6606.0
3146750,5196.0
3146909,15922.0
3147006,94539.0
3147105,95616.0
3147204,21693.0
3147303,21353.0
3147402,24854.0
3147501,1619.0
3147600,16439.0
3147709,8031.0
3147808,2024.0
3147907,115970.0
3147956,6031.0
3148004,154641.0
3148103,92116.0
3148202,5744.0
3148301,9597.0
3148400,4794.0
3148509,8390.0
3148608,17534.0
3148707,24333.0
3148756,7157.0
3148806,2960.0
3148905,3977.0
3149002,2559.0
3149101,11098.0
3149150,12313.0
3149200,3651.0
3149309,65149.0
3149408,1804.0
3149507,3340.0
3149606,4457.0
3149705,11994.0
3149804,16469.0
3149903,21577.0
3149952,6738.0
3150000,4261.0
3150109,2719.0
3150158,8832.0
3150208,4141.0
3150307,4436.0
3150406,5034.0
3150505,8715.0
3150539,5029.0
3150570,7540.0
3150604,6386.0
3150703,6491.0
3150802,17641.0
3150901,5504.0
3151008,8683.0
3151107,10791.0
3151206,56845.0
3151305,10732.0
3151404,28433.0
3151503,35137.0
3151602,12445.0
3151701,16900.0
3151800,169838.0
3151909,8288.0
3152006,32248.0
3152105,60003.0
3152131,4305.0
3152170,12235.0
3152204,37823.0
3152303,11414.0
3152402,16675.0
3152501,154293.0
3152600,5862.0
3152709,9128.0
3152808,28173.0
3152907,8530.0
3153004,3658.0
3153103,5315.0
3153202,3572.0
3153301,3000.0
3153400,19680.0
3153509,8286.0
3153608,10931.0
3153707,3603.0
3153806,1948.0
3153905,16501.0
3154002,23663.0
3154101,10522.0
3154150,7247.0
3154200,11578.0
3154309,17396.0
3154408,4826.0
3154457,8132.0
3154507,9471.0
3154606,341415.0
3154705,4061.0
3154804,10524.0
3154903,13384.0
3155009,2630.0
3155108,5117.0
3155207,5332.0
3155306,5924.0
3155405,8964.0
3155504,12356.0
3155603,31171.0
3155702,14325.0
3155801,18007.0
3155900,5493.0
3156007,12635.0
3156106,4521.0
3156205,2335.0
3156304,8333.0
3156403,3507.0
3156452,4648.0
3156502,5609.0
3156601,10269.0
3156700,137877.0
3156809,15364.0
3156908,26556.0
3157005,41864.0
3157104,7014.0
3157203,31873.0
3157252,8212.0
3157278,3212.0
3157302,4385.0
3157336,8723.0
3157377,4074.0
3157401,4693.0
3157500,4354.0
3157609,3806.0
3157658,6406.0
3157708,14497.0
3157807,221705.0
3157906,16393.0
3158003,10867.0
3158102,5203.0
3158201,14607.0
3158300,7047.0
3158409,3909.0
3158508,7538.0
3158607,3985.0
3158706,2494.0
3158805,4847.0
3158904,8660.0
3158953,36048.0
3159001,4334.0
3159100,3753.0
3159209,8900.0
3159308,4843.0
3159357,7322.0
3159407,3380.0
3159506,5426.0
3159605,44226.0
3159704,3364.0
3159803,19997.0
3159902,18697.0
3160009,3602.0
3160108,3861.0
3160207,3763.0
3160306,11570.0
3160405,28603.0
3160454,7316.0
3160504,1756.0
3160603,3044.0
3160702,46357.0
3160801,5411.0
3160900,3770.0
3160959,5672.0
3161007,17296.0
3161056,3354.0
3161106,56625.0
3161205,6512.0
3161304,6309.0
3161403,4758.0
3161502,12751.0
3161601,3860.0
3161650,4104.0
3161700,8527.0
3161809,12776.0
3161908,11114.0
3162005,25670.0
3162104,36084.0
3162203,7541.0
3162252,4949.0
3162302,2743.0
3162401,25033.0
3162450,13232.0
3162500,90897.0
3162559,11785.0
3162575,5975.0
3162609,7393.0
3162658,4476.0
3162708,23797.0
3162807,15761.0
3162906,26530.0
3162922,32696.0
3162948,7532.0
3162955,24490.0
3163003,4291.0
3163102,5151.0
3163201,4222.0
3163300,3851.0
3163409,5356.0
3163508,6409.0
3163607,2821.0
3163706,46539.0
3163805,6949.0
3163904,4563.0
3164001,7634.0
3164100,5160.0
3164209,12713.0
3164308,7100.0
3164407,5598.0
3164431,3039.0
3164472,6697.0
3164506,9884.0
3164605,6948.0
3164704,71915.0
3164803,1478.0
3164902,2259.0
3165008,10979.0
3165107,6980.0
3165206,7151.0
3165305,7876.0
3165404,7045.0
3165503,6421.0
3165537,34050.0
3165552,12493.0
3165560,2579.0
3165578,5365.0
3165602,2001.0
3165701,7902.0
3165800,1422.0
3165909,4056.0
3166006,5786.0
3166105,3516.0
3166204,10474.0
3166303,7340.0
3166402,1857.0
3166501,4292.0
3166600,771.0
3166709,8725.0
3166808,11750.0
3166907,7667.0
3166956,4836.0
3167004,1949.0
3167103,20915.0
3167202,243950.0
3167301,2267.0
3167400,6258.0
3167509,2621.0
3167608,19834.0
3167707,5476.0
3167806,6226.0
3167905,3669.0
3168002,34653.0
3168051,3093.0
3168101,4890.0
3168200,1869.0
3168309,4120.0
3168408,14280.0
3168507,11680.0
3168606,141269.0
3168705,91268.0
3168804,8160.0
3168903,6369.0
3169000,16769.0
3169059,4117.0
3169109,6336.0
3169208,7683.0
3169307,80561.0
3169356,33062.0
3169406,57127.0
3169505,6797.0
3169604,25466.0
3169703,20280.0
3169802,5099.0
3169901,117995.0
3170008,12661.0
3170057,12514.0
3170107,340277.0
3170206,706597.0
3170305,2582.0
3170404,85461.0
3170438,4265.0
3170479,3256.0
3170503,10333.0
3170529,17470.0
3170578,6460.0
3170602,2143.0
3170651,5045.0
3170701,137608.0
3170750,7235.0
3170800,40101.0
3170909,19290.0
3171006,20692.0
3171030,9527.0
3171071,5733.0
3171105,4090.0
3171154,4852.0
3171204,131849.0
3171303,79910.0
3171402,3570.0
3171501,3157.0
3171600,13729.0
3171709,8652.0
3171808,10459.0
3171907,5303.0
3172004,43351.0
3172103,5270.0
3172202,2543.0
3200102,30326.0
3200136,9621.0
3200169,10801.0
3200201,29869.0
3200300,14670.0
3200359,7911.0
3200409,30285.0
3200508,7542.0
3200607,104942.0
3200706,12270.0
3200805,31263.0
3200904,45301.0
3201001,15146.0
3201100,9988.0
3201159,12450.0
3201209,212172.0
3201308,386495.0
3201407,37956.0
3201506,124283.0
3201605,31479.0
3201704,12887.0
3201803,4236.0
3201902,34120.0
3202009,6793.0
3202108,22748.0
3202207,22379.0
3202256,13047.0
3202306,31372.0
3202405,128504.0
3202454,26762.0
3202504,12701.0
3202553,8830.0
3202603,14083.0
3202652,13672.0
3202702,13982.0
3202801,34957.0
3202900,10433.0
3203007,29417.0
3203056,31589.0
3203106,12336.0
3203130,16774.0
3203163,10919.0
3203205,179755.0
3203304,15653.0
3203320,39259.0
3203346,17141.0
3203353,13091.0
3203403,26079.0
3203502,18954.0
3203601,5468.0
3203700,17176.0
3203809,15602.0
3203908,50751.0
3204005,23426.0
3204054,26575.0
3204104,27601.0
3204203,22388.0
3204252,8016.0
3204302,11741.0
3204351,19398.0
3204401,11630.0
3204500,12171.0
3204559,41588.0
3204609,23853.0
3204658,8735.0
3204708,39085.0
3204807,10536.0
3204906,134629.0
3204955,12602.0
3205002,536765.0
3205010,31278.0
3205036,21778.0
3205069,26204.0
3205101,80735.0
3205150,9280.0
3205176,14065.0
3205200,508655.0
3205309,369534.0
3300100,210171.0
3300159,12036.0
3300209,136109.0
3300225,12763.0
3300233,35060.0
3300258,30827.0
3300308,101139.0
3300407,185237.0
3300456,515239.0
3300506,27779.0
3300605,37306.0
3300704,234077.0
3300803,59652.0
3300902,15521.0
3300936,16859.0
3300951,8590.0
3301009,514643.0
3301108,20163.0
3301157,12818.0
3301207,19161.0
3301306,45864.0
3301405,23561.0
3301504,22152.0
3301603,11563.0
3301702,929449.0
3301801,14138.0
3301850,62225.0
3301876,29344.0
3301900,244416.0
3302007,136547.0
3302056,15387.0
3302106,23211.0
3302205,104354.0
3302254,32312.0
3302270,106296.0
3302304,7298.0
3302403,266136.0
3302452,5646.0
3302502,247741.0
3302601,45941.0
3302700,167668.0
3302809,18681.0
3302858,177016.0
3302908,25622.0
3303005,27134.0
3303104,15305.0
3303203,162893.0
3303302,516981.0
3303401,191664.0
3303500,825388.0
3303609,53093.0
3303708,44741.0
3303807,44175.0
3303856,27942.0
3303906,307144.0
3303955,25563.0
3304003,29802.0
3304102,19068.0
3304110,20254.0
3304128,14562.0
3304144,152311.0
3304151,25535.0
3304201,133244.0
3304300,60930.0
3304409,18677.0
3304508,9401.0
3304524,159529.0
3304557,6775561.0
3304607,10380.0
3304706,42705.0
3304755,42214.0
3304805,38749.0
3304904,1098357.0
3305000,36731.0
3305109,473385.0
3305133,7240.0
3305158,22032.0
3305208,107556.0
3305307,9416.0
3305406,18270.0
3305505,91938.0
3305554,83841.0
3305604,21775.0
3305703,15709.0
3305752,34898.0
3305802,185820.0
3305901,10653.0
3306008,82468.0
3306107,77202.0
3306156,11208.0
3306206,37262.0
3306305,274925.0
3500105,35153.0
3500204,3545.0
3500303,36981.0
3500402,8262.0
3500501,18908.0
3500550,6142.0
3500600,3588.0
3500709,37582.0
3500758,6231.0
3500808,4201.0
3500907,4211.0
3501004,16221.0
3501103,4078.0
3501152,18903.0
3501202,3616.0
3501301,25078.0
3501400,5320.0
3501509,3251.0
3501608,244370.0
3501707,41545.0
3501806,5993.0
3501905,73145.0
3502002,5115.0
3502101,57245.0
3502200,25724.0
3502309,6911.0
3502408,4172.0
3502507,36211.0
3502606,4122.0
3502705,24081.0
3502754,23343.0
3502804,199210.0
3502903,35389.0
3503000,5689.0
3503109,6373.0
3503158,2452.0
3503208,240542.0
3503307,136739.0
3503356,1755.0
3503406,8665.0
3503505,3906.0
3503604,11186.0
3503703,9851.0
3503802,56247.0
3503901,92453.0
3503950,1815.0
3504008,105768.0
3504107,145378.0
3504206,15316.0
3504305,5467.0
3504404,14063.0
3504503,91792.0
3504602,18013.0
3504701,6127.0
3504800,9209.0
3504909,11039.0
3505005,3525.0
3505104,7532.0
3505203,35844.0
3505302,36125.0
3505351,5794.0
3505401,7606.0
3505500,123546.0
3505609,33537.0
3505708,279704.0
3505807,20952.0
3505906,63438.0
3506003,381706.0
3506102,77612.0
3506201,3028.0
3506300,11168.0
3506359,66154.0
3506409,8197.0
3506508,126094.0
3506607,33265.0
3506706,15111.0
3506805,12571.0
3506904,12107.0
3507001,63310.0
3507100,26506.0
3507159,4013.0
3507209,839.0
3507308,4913.0
3507407,16278.0
3507456,2713.0
3507506,149718.0
3507605,172346.0
3507704,5795.0
3507753,2911.0
3507803,25605.0
3507902,24862.0
3508009,20050.0
3508108,17414.0
3508207,4547.0
3508306,4222.0
3508405,51130.0
3508504,95752.0
3508603,33827.0
3508702,19031.0
3508801,17917.0
3508900,4195.0
3509007,104044.0
3509106,6017.0
3509205,79034.0
3509254,28441.0
3509304,10649.0
3509403,26613.0
3509452,6088.0
3509502,1223237.0
3509601,86407.0
3509700,52713.0
3509809,5028.0
3509908,12542.0
3509957,5268.0
3510005,31410.0
3510104,2805.0
3510153,5365.0
3510203,47098.0
3510302,21257.0
3510401,56973.0
3510500,125194.0
3510609,405375.0
3510708,12371.0
3510807,30655.0
3510906,2488.0
3511003,21521.0
3511102,123114.0
3511201,7905.0
3511300,9452.0
3511409,20391.0
3511508,50631.0
3511607,18595.0
3511706,17539.0
3511904,8894.0
3512001,18601.0
3512100,6223.0
3512209,28491.0
3512308,18138.0
3512407,25116.0
3512506,6197.0
3512605,4591.0
3512704,4072.0
3512803,74662.0
3512902,7289.0
3513009,257882.0
3513108,35858.0
3513207,8803.0
3513306,2021.0
3513405,82895.0
3513504,132521.0
3513603,21373.0
3513702,34097.0
3513801,429550.0
3513850,1805.0
3513900,11027.0
3514007,9088.0
3514106,27704.0
3514205,2108.0
3514304,8883.0
3514403,47287.0
3514502,12421.0
3514601,10174.0
3514700,6026.0
3514809,15592.0
3514908,18095.0
3514924,3742.0
3514957,2446.0
3515004,279264.0
3515103,70402.0
3515129,3238.0
3515152,21712.0
3515186,44607.0
3515194,4926.0
3515202,8420.0
3515301,2774.0
3515350,9280.0
3515400,16102.0
3515509,69680.0
3515608,5805.0
3515657,1739.0
3515707,198661.0
3515806,1397.0
3515905,2884.0
3516002,14936.0
3516101,2631.0
3516200,358539.0
3516309,179372.0
3516408,158438.0
3516507,2776.0
3516606,6419.0
3516705,44429.0
3516804,4911.0
3516853,4841.0
3516903,10855.0
3517000,11485.0
3517109,4842.0
3517208,12416.0
3517307,5806.0
3517406,41283.0
3517505,22087.0
3517604,16896.0
3517703,21394.0
3517802,8258.0
3517901,11382.0
3518008,1996.0
3518107,6685.0
3518206,33257.0
3518305,30465.0
3518404,123192.0
3518503,19244.0
3518602,40857.0
3518701,324977.0
3518800,1404694.0
3518859,7760.0
3518909,5346.0
3519006,9649.0
3519055,15605.0
3519071,237570.0
3519105,12002.0
3519204,6269.0
3519253,9786.0
3519303,35830.0
3519402,12639.0
3519501,7926.0
3519600,61150.0
3519709,80062.0
3519808,8363.0
3519907,8228.0
3520004,24821.0
3520103,30791.0
3520202,9631.0
3520301,31117.0
3520400,36194.0
3520426,11552.0
3520442,26886.0
3520509,260690.0
3520608,4873.0
3520707,3876.0
3520806,4045.0
3520905,15165.0
3521002,38771.0
3521101,7824.0
3521150,5557.0
3521200,4180.0
3521309,16794.0
3521408,24982.0
3521507,8101.0
3521606,8356.0
3521705,17405.0
3521804,27632.0
3521903,15331.0
3522000,3937.0
3522109,104351.0
3522158,3332.0
3522208,179574.0
3522307,167106.0
3522406,95241.0
3522505,244131.0
3522604,75683.0
3522653,4294.0
3522703,43536.0
3522802,15197.0
3522901,14297.0
3523008,4994.0
3523107,379082.0
3523206,50778.0
3523305,17754.0
3523404,124254.0
3523503,21139.0
3523602,18610.0
3523701,6587.0
3523800,7862.0
3523909,177150.0
3524006,64330.0
3524105,42259.0
3524204,6963.0
3524303,78029.0
3524402,237119.0
3524501,7322.0
3524600,17911.0
3524709,59921.0
3524808,49291.0
3524907,6828.0
3525003,127734.0
3525102,45544.0
3525201,31173.0
3525300,153463.0
3525409,3143.0
3525508,13453.0
3525607,4577.0
3525706,37707.0
3525805,4824.0
3525854,3467.0
3525904,426935.0
3526001,20978.0
3526100,18627.0
3526209,31844.0
3526308,4882.0
3526407,29047.0
3526506,12581.0
3526605,7361.0
3526704,105273.0
3526803,69533.0
3526902,310783.0
3527009,8201.0
3527108,78978.0
3527207,89532.0
3527256,2311.0
3527306,51007.0
3527405,22022.0
3527504,2412.0
3527603,15628.0
3527702,5918.0
3527801,4608.0
3527900,2623.0
3528007,17263.0
3528106,8174.0
3528205,3686.0
3528304,3086.0
3528403,47723.0
3528502,103645.0
3528601,9972.0
3528700,6039.0
3528809,14069.0
3528858,3097.0
3528908,4098.0
3529005,242249.0
3529104,2101.0
3529203,26791.0
3529302,84069.0
3529401,481725.0
3529500,5638.0
3529609,3813.0
3529658,1903.0
3529708,22480.0
3529807,13023.0
3529906,19511.0
3530003,3125.0
3530102,29844.0
3530201,18415.0
3530300,60768.0
3530409,4966.0
3530508,69072.0
3530607,455587.0
3530706,154146.0
3530805,94098.0
3530904,3523.0
3531001,2274.0
3531100,58567.0
3531209,8181.0
3531308,51039.0
3531407,25651.0
3531506,18928.0
3531605,4166.0
3531704,4739.0
3531803,61707.0
3531902,33598.0
3532009,13936.0
3532058,4831.0
3532108,4525.0
3532157,3215.0
3532207,4950.0
3532306,6624.0
3532405,18866.0
3532504,8917.0
3532603,11575.0
3532702,5381.0
3532801,7161.0
3532827,9962.0
3532843,1824.0
3532868,1290.0
3532900,11519.0
3533007,21871.0
3533106,2333.0
3533205,4135.0
3533254,6057.0
3533304,4217.0
3533403,61716.0
3533502,41765.0
3533601,7522.0
3533700,4294.0
3533809,2447.0
3533908,55477.0
3534005,4462.0
3534104,6569.0
3534203,7318.0
3534302,44682.0
3534401,701428.0
3534500,2603.0
3534609,33118.0
3534708,115139.0
3534757,10712.0
3534807,8676.0
3534906,14326.0
3535002,13285.0
3535101,13691.0
3535200,9173.0
3535309,22322.0
3535408,15944.0
3535507,46180.0
3535606,18302.0
3535705,6536.0
3535804,20588.0
3535903,4112.0
3536000,10934.0
3536109,6579.0
3536208,19797.0
3536257,2177.0
3536307,14941.0
3536406,7540.0
3536505,114508.0
3536570,1835.0
3536604,8973.0
3536703,47523.0
3536802,6127.0
3536901,2468.0
3537008,16876.0
3537107,48992.0
3537156,3109.0
3537206,11507.0
3537305,64098.0
3537404,25685.0
3537503,8875.0
3537602,69697.0
3537701,6093.0
3537800,55731.0
3537909,29612.0
3538006,171885.0
3538105,17378.0
3538204,15564.0
3538303,3706.0
3538501,13495.0
3538600,27617.0
3538709,410275.0
3538808,29930.0
3538907,25939.0
3539004,11524.0
3539103,19453.0
3539202,27974.0
3539301,77330.0
3539400,13890.0
3539509,40430.0
3539608,5370.0
3539707,3606.0
3539806,119221.0
3539905,6166.0
3540002,22326.0
3540101,3385.0
3540200,51717.0
3540259,4719.0
3540309,2576.0
3540408,4136.0
3540507,10205.0
3540606,53698.0
3540705,56848.0
3540754,25603.0
3540804,17668.0
3540853,4327.0
3540903,22239.0
3541000,336454.0
3541059,5371.0
3541109,4067.0
3541208,12943.0
3541307,44572.0
3541406,231953.0
3541505,39648.0
3541604,41211.0
3541653,3902.0
3541703,14309.0
3541802,3513.0
3541901,13788.0
3542008,6736.0
3542107,9126.0
3542206,29743.0
3542305,3827.0
3542404,20523.0
3542503,10047.0
3542602,56463.0
3542701,7762.0
3542800,3320.0
3542909,13376.0
3543006,15984.0
3543105,4786.0
3543204,4537.0
3543238,2222.0
3543253,7686.0
3543303,125238.0
3543402,720116.0
3543501,5364.0
3543600,3651.0
3543709,10824.0
3543808,9940.0
3543907,209548.0
3544004,36233.0
3544103,52009.0
3544202,12856.0
3544251,15929.0
3544301,10888.0
3544400,3195.0
3544509,3191.0
3544608,5638.0
3544707,2427.0
3544806,6481.0
3544905,12103.0
3545001,17363.0
3545100,5372.0
3545159,8498.0
3545209,120779.0
3545308,46285.0
3545407,9396.0
3545506,4405.0
3545605,15639.0
3545704,6036.0
3545803,195278.0
3546009,14925.0
3546108,2111.0
3546207,4584.0
3546256,2166.0
3546306,35102.0
3546405,48207.0
3546504,5577.0
3546603,32796.0
3546702,27850.0
3546801,58529.0
3546900,8889.0
3547007,6298.0
3547106,2947.0
3547205,1448.0
3547304,145073.0
3547403,2476.0
3547502,27641.0
3547601,26960.0
3547650,1558.0
3547700,20855.0
3547809,723889.0
3547908,7024.0
3548005,23742.0
3548054,8541.0
3548104,5926.0
3548203,6843.0
3548302,3159.0
3548401,4856.0
3548500,433991.0
3548609,10907.0
3548708,849874.0
3548807,162763.0
3548906,256915.0
3549003,2813.0
3549102,92315.0
3549201,2555.0
3549250,1942.0
3549300,2095.0
3549409,52737.0
3549508,8991.0
3549607,4141.0
3549706,55298.0
3549805,469173.0
3549904,737310.0
3549953,16127.0
3550001,10693.0
3550100,41287.0
3550209,33071.0
3550308,12396372.0
3550407,36298.0
3550506,7724.0
3550605,93076.0
3550704,91637.0
3550803,12137.0
3550902,15446.0
3551009,370839.0
3551108,10493.0
3551207,3623.0
3551306,3595.0
3551405,15292.0
3551504,46166.0
3551603,29669.0
3551702,128432.0
3551801,12731.0
3551900,17820.0
3552007,6375.0
3552106,41690.0
3552205,695328.0
3552304,7738.0
3552403,289875.0
3552502,303397.0
3552551,4063.0
3552601,12561.0
3552700,16787.0
3552809,297528.0
3552908,6371.0
3553005,14415.0
3553104,6346.0
3553203,5562.0
3553302,23255.0
3553401,26231.0
3553500,7725.0
3553609,12940.0
3553658,2815.0
3553708,57547.0
3553807,23292.0
3553856,5968.0
3553906,7609.0
3553955,15361.0
3554003,124134.0
3554102,320820.0
3554201,4452.0
3554300,23395.0
3554409,9502.0
3554508,42946.0
3554607,2647.0
3554656,2432.0
3554706,10100.0
3554755,1752.0
3554805,48228.0
3554904,5856.0
3554953,7058.0
3555000,65615.0
3555109,15670.0
3555208,2024.0
3555307,1667.0
3555356,6488.0
3555406,92819.0
3555505,4828.0
3555604,10191.0
3555703,1886.0
3555802,9125.0
3555901,1142.0
3556008,13965.0
3556107,13732.0
3556206,133169.0
3556305,27154.0
3556354,10842.0
3556404,43368.0
3556453,54315.0
3556503,124269.0
3556602,10804.0
3556701,81516.0
3556800,19133.0
3556909,9163.0
3556958,1852.0
3557006,124468.0
3557105,96106.0
3557154,2784.0
3557204,12418.0
3557303,11507.0
4100103,7360.0
4100202,5797.0
4100301,9567.0
4100400,121420.0
4100459,1429.0
4100509,22293.0
4100608,14945.0
4100707,9722.0
4100806,11598.0
4100905,6405.0
4101002,19466.0
4101051,2774.0
4101101,19823.0
4101150,2931.0
4101200,18919.0
4101309,7421.0
4101408,137438.0
4101507,126545.0
4101606,28480.0
4101655,2951.0
4101705,14029.0
4101804,148522.0
4101853,2026.0
4101903,14792.0
4102000,33306.0
4102109,26304.0
4102208,3871.0
4102307,13238.0
4102406,31061.0
4102505,11287.0
4102604,10347.0
4102703,2781.0
4102752,3404.0
4102802,15400.0
4102901,16411.0
4103008,3991.0
4103024,2437.0
4103040,6343.0
4103057,7524.0
4103107,13308.0
4103156,3472.0
4103206,7103.0
4103222,3244.0
4103305,6290.0
4103354,5338.0
4103370,2521.0
4103404,2973.0
4103453,18783.0
4103479,3975.0
4103503,8641.0
4103602,25569.0
4103701,108126.0
4103800,7967.0
4103909,13888.0
4103958,3831.0
4104006,44072.0
4104055,3694.0
4104105,8118.0
4104204,135678.0
4104253,30151.0
4104303,96102.0
4104402,14606.0
4104428,16126.0
4104451,13340.0
4104501,19172.0
4104600,15887.0
4104659,24225.0
4104709,14391.0
4104808,336073.0
4104907,72125.0
4105003,10144.0
4105102,10704.0
4105201,17884.0
4105300,11872.0
4105409,19083.0
4105508,84980.0
4105607,12939.0
4105706,16344.0
4105805,249277.0
4105904,24271.0
4106001,8896.0
4106100,3891.0
4106209,19082.0
4106308,17162.0
4106407,47840.0
4106456,7538.0
4106506,20430.0
4106555,3038.0
4106571,4229.0
4106605,20962.0
4106704,4430.0
4106803,18772.0
4106852,2892.0
4106902,1963726.0
4107009,15289.0
4107108,4975.0
4107124,3409.0
4107157,5279.0
4107207,41424.0
4107256,8988.0
4107306,5987.0
4107405,5906.0
4107504,13962.0
4107520,1633.0
4107538,4651.0
4107546,3980.0
4107553,2995.0
4107603,17379.0
4107652,103750.0
4107702,4734.0
4107736,5561.0
4107751,7625.0
4107801,4883.0
4107850,4583.0
4107900,6926.0
4108007,10360.0
4108106,2709.0
4108205,6345.0
4108304,257971.0
4108320,5942.0
4108403,93308.0
4108452,4466.0
4108502,13661.0
4108551,2850.0
4108601,28734.0
4108650,6997.0
4108700,5379.0
4108809,33497.0
4108908,6635.0
4108957,8881.0
4109005,3767.0
4109104,2239.0
4109203,5557.0
4109302,11969.0
4109401,183755.0
4109500,7554.0
4109609,37974.0
4109658,5030.0
4109708,31854.0
4109757,6387.0
4109807,55688.0
4109906,7671.0
4110003,4475.0
4110052,2251.0
4110078,13449.0
4110102,33306.0
4110201,11117.0
4110300,3122.0
4110409,4472.0
4110508,15327.0
4110607,13642.0
4110656,2216.0
4110706,61439.0
4110805,10029.0
4110904,4426.0
4110953,11588.0
4111001,6516.0
4111100,6110.0
4111209,12220.0
4111258,29493.0
4111308,2700.0
4111407,14049.0
4111506,31886.0
4111555,8294.0
4111605,3299.0
4111704,5332.0
4111803,39268.0
4111902,13861.0
4112009,35192.0
4112108,21281.0
4112207,4948.0
4112306,4929.0
4112405,9573.0
4112504,11067.0
4112603,1309.0
4112702,12687.0
4112751,8251.0
4112801,12108.0
4112900,3248.0
4112959,7244.0
4113007,7069.0
4113106,3996.0
4113205,48651.0
4113254,5719.0
4113304,32167.0
4113403,3896.0
4113429,3155.0
4113452,4488.0
4113502,23393.0
4113601,4850.0
4113700,580870.0
4113734,7217.0
4113759,4695.0
4113809,4969.0
4113908,13697.0
4114005,12900.0
4114104,23373.0
4114203,34628.0
4114302,27750.0
4114351,2442.0
4114401,16572.0
4114500,13517.0
4114609,54031.0
4114708,5593.0
4114807,36103.0
4114906,8793.0
4115002,7093.0
4115101,10327.0
4115200,436472.0
4115309,6655.0
4115358,5562.0
4115408,14407.0
4115457,4283.0
4115507,4676.0
4115606,18266.0
4115705,35705.0
4115739,3142.0
4115754,10994.0
4115804,46940.0
4115853,5617.0
4115903,2180.0
4116000,1786.0
4116059,10706.0
4116109,11966.0
4116208,16485.0
4116307,4034.0
4116406,4009.0
4116505,1560.0
4116604,3424.0
4116703,10131.0
4116802,4827.0
4116901,28062.0
4116950,5014.0
4117008,8120.0
4117057,11462.0
4117107,13188.0
4117206,5846.0
4117214,4304.0
4117222,8311.0
4117255,10540.0
4117271,5252.0
4117297,2836.0
4117305,21783.0
4117404,3423.0
4117453,6036.0
4117503,42251.0
4117602,52503.0
4117701,34109.0
4117800,12755.0
4117909,32389.0
4118006,14211.0
4118105,11685.0
4118204,157378.0
4118303,3277.0
4118402,89454.0
4118451,5755.0
4118501,84779.0
4118600,5942.0
4118709,7418.0
4118808,14017.0
4118857,6194.0
4118907,11406.0
4119004,6232.0
4119103,13015.0
4119152,134788.0
4119202,6323.0
4119251,2742.0
4119301,32722.0
4119400,25779.0
4119509,116852.0
4119608,29686.0
4119657,3298.0
4119707,4281.0
4119806,13385.0
4119905,358838.0
4119954,28529.0
4120002,12587.0
4120101,4899.0
4120150,3133.0
4120200,2554.0
4120309,4057.0
4120333,3806.0
4120358,5035.0
4120408,5395.0
4120507,11138.0
4120606,52776.0
4120655,4420.0
4120705,7504.0
4120804,24253.0
4120853,4043.0
4120903,34707.0
4121000,12257.0
4121109,4444.0
4121208,19388.0
4121257,4500.0
4121307,3760.0
4121356,2602.0
4121406,16976.0
4121505,14991.0
4121604,6772.0
4121703,26933.0
4121752,8127.0
4121802,10622.0
4121901,12869.0
4122008,15433.0
4122107,3162.0
4122156,13240.0
4122172,4121.0
4122206,32635.0
4122305,34645.0
4122404,68165.0
4122503,9447.0
4122602,9664.0
4122651,4595.0
4122701,6954.0
4122800,3389.0
4122909,4862.0
4123006,14957.0
4123105,3208.0
4123204,3253.0
4123303,7705.0
4123402,12330.0
4123501,27036.0
4123600,1568.0
4123709,8484.0
4123808,14924.0
4123824,3795.0
4123857,9210.0
4123907,11523.0
4123956,4052.0
4124004,4916.0
4124020,10055.0
4124053,23927.0
4124103,46503.0
4124202,2611.0
4124301,2032.0
4124400,20354.0
4124509,5422.0
4124608,6961.0
4124707,11088.0
4124806,10122.0
4124905,5819.0
4125001,9897.0
4125100,15359.0
4125209,9005.0
4125308,5535.0
4125357,5532.0
4125407,6115.0
4125456,3601.0
4125506,334620.0
4125555,2165.0
4125605,47137.0
4125704,27696.0
4125753,5745.0
4125803,11109.0
4125902,2265.0
4126009,8865.0
4126108,5778.0
4126207,6708.0
4126256,98888.0
4126272,5578.0
4126306,19441.0
4126355,4460.0
4126405,5149.0
4126504,16456.0
4126603,21476.0
4126652,2880.0
4126678,15277.0
4126702,5196.0
4126801,16480.0
4126900,5452.0
4127007,12761.0
4127106,80588.0
4127205,17304.0
4127304,17054.0
4127403,17562.0
4127502,20688.0
4127601,17295.0
4127700,144601.0
4127809,7699.0
4127858,12036.0
4127882,9269.0
4127908,8502.0
4127957,8105.0
4127965,12977.0
4128005,20809.0
4128104,113416.0
4128203,58298.0
4128302,2623.0
4128401,11233.0
4128500,19358.0
4128534,12267.0
4128559,8389.0
4128609,7094.0
4128625,2630.0
4128633,5525.0
4128658,4051.0
4128708,6879.0
4128807,5584.0
4200051,2534.0
4200101,18015.0
4200200,11160.0
4200309,5570.0
4200408,7160.0
4200507,6544.0
4200556,2341.0
4200606,6646.0
4200705,10136.0
4200754,1915.0
4200804,5477.0
4200903,4686.0
4201000,6783.0
4201109,3223.0
4201208,8712.0
4201257,10951.0
4201273,4268.0
4201307,40890.0
4201406,69493.0
4201505,8843.0
4201604,3547.0
4201653,2228.0
4201703,8021.0
4201802,3179.0
4201901,5687.0
4201950,13782.0
4202008,149227.0
4202057,11271.0
4202073,11537.0
4202081,2618.0
4202099,1625.0
4202107,30539.0
4202131,6386.0
4202156,2712.0
4202206,11896.0
4202305,70471.0
4202404,366418.0
4202438,3501.0
4202453,20889.0
4202503,4801.0
4202537,3104.0
4202578,2136.0
4202602,10153.0
4202701,5396.0
4202800,34294.0
4202859,3794.0
4202875,2318.0
4202909,140597.0
4203006,80017.0
4203105,6112.0
4203154,3325.0
4203204,87179.0
4203253,2467.0
4203303,11985.0
4203402,6889.0
4203501,8312.0
4203600,36861.0
4203709,12553.0
4203808,54558.0
4203907,23218.0
4203956,25477.0
4204004,11106.0
4204103,3462.0
4204152,2709.0
4204178,3013.0
4204194,3025.0
4204202,227587.0
4204251,16956.0
4204301,75683.0
4204350,4585.0
4204400,9900.0
4204459,2560.0
4204509,16300.0
4204558,12315.0
4204608,219393.0
4204707,11150.0
4204756,1972.0
4204806,40037.0
4204905,8136.0
4205001,15592.0
4205100,4224.0
4205159,4164.0
4205175,3232.0
4205191,2059.0
4205209,4423.0
4205308,10630.0
4205357,1575.0
4205407,516524.0
4205431,2481.0
4205456,27621.0
4205506,36723.0
4205555,1918.0
4205605,2711.0
4205704,24070.0
4205803,18816.0
4205902,71925.0
4206009,14739.0
4206108,6621.0
4206207,11652.0
4206306,24922.0
4206405,9964.0
4206504,46757.0
4206603,5196.0
4206652,4692.0
4206702,22820.0
4206751,1952.0
4206801,3154.0
4206900,19238.0
4207007,58055.0
4207106,14531.0
4207205,9764.0
4207304,45711.0
4207403,6284.0
4207502,72346.0
4207577,2979.0
4207601,4367.0
4207650,9093.0
4207684,7643.0
4207700,7647.0
4207759,3901.0
4207809,10575.0
4207858,1887.0
4207908,11354.0
4208005,6091.0
4208104,21889.0
4208203,226617.0
4208302,69323.0
4208401,17139.0
4208450,21766.0
4208500,25619.0
4208609,3899.0
4208708,10337.0
4208807,20547.0
4208906,184579.0
4208955,1520.0
4209003,30684.0
4209102,604708.0
4209151,5019.0
4209177,2083.0
4209201,2248.0
4209300,157158.0
4209409,46424.0
4209458,1408.0
4209508,7154.0
4209607,15380.0
4209706,12122.0
4209805,2960.0
4209854,4530.0
4209904,12497.0
4210001,13347.0
4210035,5683.0
4210050,1757.0
4210100,56825.0
4210209,3465.0
4210308,8209.0
4210407,7461.0
4210506,26463.0
4210555,1703.0
4210605,17330.0
4210704,2442.0
4210803,6989.0
4210852,2257.0
4210902,4227.0
4211009,12034.0
4211058,9945.0
4211108,8263.0
4211207,18095.0
4211256,2884.0
4211306,85734.0
4211405,5163.0
4211454,4327.0
4211504,15010.0
4211603,15515.0
4211652,2366.0
4211702,23161.0
4211751,19201.0
4211801,7251.0
4211850,2197.0
4211876,1444.0
4211892,2352.0
4211900,178679.0
4212007,7321.0
4212056,2673.0
4212106,16144.0
4212205,19521.0
4212239,3284.0
4212254,9269.0
4212270,4072.0
4212304,7642.0
4212403,3931.0
4212502,34022.0
4212601,2733.0
4212650,10225.0
4212700,5873.0
4212809,24385.0
4212908,21103.0
4213005,3635.0
4213104,3637.0
4213153,2907.0
4213203,34561.0
4213302,4619.0
4213351,3426.0
4213401,11674.0
4213500,22466.0
4213609,35685.0
4213708,17965.0
4213807,7305.0
4213906,1526.0
4214003,17973.0
4214102,2279.0
4214151,2950.0
4214201,9773.0
4214300,2897.0
4214409,6199.0
4214508,5864.0
4214607,7552.0
4214706,11937.0
4214805,72931.0
4214904,4630.0
4215000,42684.0
4215059,2484.0
4215075,4525.0
4215109,11647.0
4215208,4584.0
4215307,7674.0
4215356,3727.0
4215406,4792.0
4215455,13128.0
4215505,17004.0
4215554,2178.0
4215604,2151.0
4215653,8397.0
4215679,8760.0
4215687,2317.0
4215695,1211.0
4215703,23907.0
4215752,2239.0
4215802,86317.0
4215901,2791.0
4216008,11456.0
4216057,5646.0
4216107,9422.0
4216206,54751.0
4216255,6423.0
4216305,39719.0
4216354,3784.0
4216404,7332.0
4216503,27322.0
4216602,253705.0
4216701,13811.0
4216800,8054.0
4216909,24501.0
4217006,13886.0
4217105,3162.0
4217154,1794.0
4217204,41246.0
4217253,6046.0
4217303,9874.0
4217402,22605.0
4217501,17610.0
4217550,3249.0
4217600,14176.0
4217709,31084.0
4217758,2386.0
4217808,18576.0
4217907,8648.0
4217956,1606.0
4218004,39889.0
4218103,5338.0
4218202,45703.0
4218251,8003.0
4218301,19455.0
4218350,4002.0
4218400,7104.0
4218509,8138.0
4218608,7506.0
4218707,107143.0
4218756,4507.0
4218806,13080.0
4218855,2364.0
4218905,11311.0
4218954,2453.0
4219002,21419.0
4219101,3569.0
4219150,2387.0
4219176,4411.0
4219200,6321.0
4219309,54145.0
4219358,4907.0
4219408,4032.0
4219507,52290.0
4219606,3873.0
4219705,29254.0
4219853,3432.0
4220000,13129.0
4300034,4981.0
4300059,3738.0
4300109,16344.0
4300208,6951.0
4300307,5710.0
4300406,72493.0
4300455,3287.0
4300471,1935.0
4300505,5885.0
4300554,1590.0
4300570,3043.0
4300604,212352.0
4300638,7136.0
4300646,7396.0
4300661,1351.0
4300703,5941.0
4300802,13041.0
4300851,3544.0
4300877,5840.0
4300901,6145.0
4301008,21121.0
4301057,10483.0
4301073,2966.0
4301107,14201.0
4301206,13452.0
4301305,18185.0
4301404,10422.0
4301503,6545.0
4301552,3517.0
4301602,121518.0
4301636,14645.0
4301651,6232.0
4301701,6616.0
4301750,7550.0
4301800,5237.0
4301859,3266.0
4301875,4238.0
4301909,13618.0
4301925,1621.0
4301958,2563.0
4302006,11167.0
4302055,1924.0
4302105,123090.0
4302154,2087.0
4302204,6712.0
4302220,2466.0
4302238,2628.0
4302253,2773.0
4302303,11270.0
4302352,14446.0
4302378,1858.0
4302402,12448.0
4302451,7691.0
4302501,6135.0
4302584,2099.0
4302600,3271.0
4302659,5132.0
4302709,20963.0
4302808,33476.0
4302907,12291.0
4303004,81552.0
4303103,132144.0
4303202,5083.0
4303301,4802.0
4303400,4659.0
4303509,66686.0
4303558,2750.0
4303608,6383.0
4303673,3402.0
4303707,5325.0
4303806,5422.0
4303905,69981.0
4304002,4273.0
4304101,3272.0
4304200,31475.0
4304309,6106.0
4304358,9707.0
4304408,45957.0
4304507,56370.0
4304606,349728.0
4304614,1693.0
4304622,1628.0
4304630,55009.0
4304655,3745.0
4304663,25462.0
4304671,4793.0
4304689,12183.0
4304697,2770.0
4304705,62413.0
4304713,8426.0
4304804,30630.0
4304853,1327.0
4304903,9070.0
4304952,3228.0
4305009,8631.0
4305108,523716.0
4305116,2865.0
4305124,6005.0
4305132,4720.0
4305157,2281.0
4305173,12579.0
4305207,14243.0
4305306,9211.0
4305355,41705.0
4305371,3228.0
4305405,3684.0
4305439,6832.0
4305447,5518.0
4305454,16897.0
4305504,4693.0
4305587,2466.0
4305603,3088.0
4305702,6766.0
4305801,9903.0
4305835,1490.0
4305850,2267.0
4305871,2521.0
4305900,7213.0
4305934,1602.0
4305959,3824.0
4305975,2731.0
4306007,13269.0
4306056,8121.0
4306072,2840.0
4306106,59561.0
4306130,1765.0
4306205,12457.0
4306304,4732.0
4306320,2718.0
4306353,2331.0
4306379,2991.0
4306403,33547.0
4306429,1992.0
4306452,3410.0
4306502,15556.0
4306551,2520.0
4306601,38222.0
4306700,2958.0
4306734,4380.0
4306759,1967.0
4306767,42490.0
4306809,23047.0
4306908,26039.0
4306924,932.0
4306932,8350.0
4306957,2724.0
4306973,2978.0
4307005,107368.0
4307054,3171.0
4307104,6807.0
4307203,4780.0
4307302,6697.0
4307401,3291.0
4307450,2846.0
4307500,15594.0
4307559,5924.0
4307609,51292.0
4307708,83352.0
4307807,34669.0
4307815,3646.0
4307831,2310.0
4307864,2750.0
4307906,73758.0
4308003,6651.0
4308052,2256.0
4308078,4680.0
4308102,13728.0
4308201,31352.0
4308250,1709.0
4308300,10181.0
4308409,6569.0
4308433,2389.0
4308458,4252.0
4308508,31675.0
4308607,35794.0
4308656,2851.0
4308706,5447.0
4308805,8339.0
4308854,1619.0
4308904,16158.0
4309001,15729.0
4309050,8304.0
4309100,36864.0
4309126,2036.0
4309159,4378.0
4309209,285564.0
4309258,1478.0
4309308,98331.0
4309407,26199.0
4309506,7393.0
4309555,4967.0
4309571,3019.0
4309605,19446.0
4309654,6894.0
4309704,4712.0
4309753,4393.0
4309803,4690.0
4309902,7267.0
4309951,3988.0
4310009,20474.0
4310108,37754.0
4310207,84041.0
4310306,4054.0
4310330,23721.0
4310363,3103.0
4310405,6054.0
4310413,2207.0
4310439,6736.0
4310462,1871.0
4310504,7046.0
4310538,5573.0
4310553,3456.0
4310579,2037.0
4310603,37363.0
4310652,2377.0
4310702,3143.0
4310751,1854.0
4310801,25068.0
4310850,3738.0
4310876,2718.0
4310900,3532.0
4311007,26327.0
4311106,10684.0
4311122,3611.0
4311130,3472.0
4311155,8571.0
4311205,19159.0
4311239,2939.0
4311254,6469.0
4311270,1604.0
4311304,27751.0
4311403,86005.0
4311429,2569.0
4311502,7410.0
4311601,5087.0
4311627,6193.0
4311643,1724.0
4311700,5411.0
4311718,4539.0
4311734,2965.0
4311759,7315.0
4311775,6747.0
4311791,2713.0
4311809,45523.0
4311908,4239.0
4311981,3892.0
4312005,1987.0
4312054,3981.0
4312104,4760.0
4312138,2543.0
4312153,4627.0
4312179,1611.0
4312203,4254.0
4312252,8130.0
4312302,4899.0
4312351,1430.0
4312377,3237.0
4312385,2514.0
4312401,66157.0
4312427,3139.0
4312443,2891.0
4312450,6609.0
4312476,6570.0
4312500,12888.0
4312609,4967.0
4312617,3184.0
4312625,1901.0
4312658,17886.0
4312674,1667.0
4312708,11574.0
4312757,3698.0
4312807,4890.0
4312906,10089.0
4312955,1731.0
4313003,3345.0
4313011,2677.0
4313037,5465.0
4313060,22147.0
4313086,2563.0
4313102,6519.0
4313201,21717.0
4313300,28021.0
4313334,2195.0
4313359,3743.0
4313375,30482.0
4313391,4246.0
4313409,247303.0
4313425,3191.0
4313441,2189.0
4313466,1705.0
4313490,4185.0
4313508,46815.0
4313607,3731.0
4313656,11342.0
4313706,32967.0
4313805,7056.0
4313904,44583.0
4313953,8995.0
4314001,7793.0
4314027,7635.0
4314035,3885.0
4314050,59419.0
4314068,5790.0
4314076,6612.0
4314100,206103.0
4314134,2303.0
4314159,8541.0
4314175,1928.0
4314209,7683.0
4314308,3840.0
4314407,343826.0
4314423,5780.0
4314456,2581.0
4314464,1896.0
4314472,4309.0
4314498,4926.0
4314506,12122.0
4314548,3068.0
4314555,2205.0
4314605,20743.0
4314704,9957.0
4314753,2105.0
4314779,3898.0
4314787,1501.0
4314803,38081.0
4314902,1492530.0
4315008,4514.0
4315057,2332.0
4315073,1258.0
4315107,10144.0
4315131,1586.0
4315149,2972.0
4315156,6235.0
4315172,1929.0
4315206,3861.0
4315305,22531.0
4315313,1860.0
4315321,2793.0
4315354,3810.0
4315404,11782.0
4315453,2068.0
4315503,15702.0
4315552,2571.0
4315602,212881.0
4315701,38257.0
4315750,4698.0
4315800,11556.0
4315909,5868.0
4315958,2270.0
4316006,21591.0
4316105,10633.0
4316204,5033.0
4316303,6750.0
4316402,39210.0
4316428,2601.0
4316436,2596.0
4316451,12512.0
4316477,2734.0
4316501,7975.0
4316600,16382.0
4316709,7813.0
4316733,1630.0
4316758,6755.0
4316808,132271.0
4316907,285159.0
4316956,6382.0
4316972,2593.0
4317004,8037.0
4317103,75647.0
4317202,73882.0
4317251,1722.0
4317301,29298.0
4317400,49298.0
4317509,77544.0
4317558,2118.0
4317608,43397.0
4317707,9930.0
4317756,2018.0
4317806,13813.0
4317905,14177.0
4317954,2287.0
4318002,59768.0
4318051,3091.0
4318101,18081.0
4318200,21871.0
4318309,62187.0
4318408,24569.0
4318424,4625.0
4318432,2535.0
4318440,2808.0
4318457,2491.0
4318465,1917.0
4318481,4924.0
4318499,2040.0
4318507,27866.0
4318606,6911.0
4318614,2464.0
4318622,3559.0
4318705,240378.0
4318804,43501.0
4318903,33124.0
4319000,21756.0
4319109,5336.0
4319125,3228.0
4319158,7692.0
4319208,5153.0
4319307,5654.0
4319356,3881.0
4319364,2025.0
4319372,2950.0
4319406,16100.0
4319505,26161.0
4319604,23492.0
4319703,3220.0
4319711,2248.0
4319737,2732.0
4319752,2288.0
4319802,8742.0
4319901,80514.0
4320008,142508.0
4320107,25024.0
4320206,10678.0
4320230,2875.0
4320263,7465.0
4320305,5114.0
4320321,2761.0
4320354,5635.0
4320404,18074.0
4320453,1889.0
4320503,5220.0
4320552,6586.0
4320578,1931.0
4320602,3607.0
4320651,2365.0
4320677,10152.0
4320701,15041.0
4320800,31067.0
4320859,4816.0
4320909,24973.0
4321006,10569.0
4321105,17363.0
4321204,57740.0
4321303,26907.0
4321329,3081.0
4321352,5484.0
4321402,13385.0
4321436,11323.0
4321451,34275.0
4321469,3078.0
4321477,5532.0
4321493,2753.0
4321501,39381.0
4321600,53507.0
4321626,2331.0
4321634,2620.0
4321667,11174.0
4321709,28948.0
4321808,23846.0
4321832,2643.0
4321857,4232.0
4321907,23799.0
4321956,5781.0
4322004,30159.0
4322103,5612.0
4322152,4585.0
4322186,1447.0
4322202,24182.0
4322251,5019.0
4322301,7730.0
4322327,3408.0
4322343,1952.0
4322350,1084.0
4322376,2306.0
4322400,126766.0
4322509,66916.0
4322525,3531.0
4322533,11873.0
4322541,6046.0
4322558,2130.0
4322608,72373.0
4322707,27325.0
4322806,26813.0
4322855,1776.0
4322905,4628.0
4323002,257330.0
4323101,4530.0
4323200,2840.0
4323309,3407.0
4323358,2070.0
4323408,4368.0
4323457,4274.0
4323507,2726.0
4323606,1553.0
4323705,2858.0
4323754,3052.0
4323770,3046.0
4323804,17126.0
5000203,16025.0
5000252,5489.0
5000609,40247.0
5000708,25336.0
5000807,9116.0
5000856,11081.0
5000906,9082.0
5001003,26386.0
5001102,48184.0
5001243,12511.0
5001508,7281.0
5001904,23620.0
5002001,11368.0
5002100,24842.0
5002159,7802.0
5002209,22401.0
5002308,11835.0
5002407,31005.0
5002605,13675.0
5002704,916001.0
5002803,6247.0
5002902,22063.0
5002951,26499.0
5003108,6158.0
5003157,15449.0
5003207,112669.0
5003256,21456.0
5003306,33547.0
5003454,13043.0
5003488,11547.0
5003504,6025.0
5003702,227990.0
5003751,12447.0
5003801,19152.0
5003900,3066.0
5004007,9934.0
5004106,9754.0
5004304,16273.0
5004403,7566.0
5004502,25478.0
5004601,21604.0
5004700,23277.0
5004809,9372.0
5004908,7342.0
5005004,26375.0
5005103,4015.0
5005152,6861.0
5005202,24040.0
5005251,7496.0
5005400,48944.0
5005608,28423.0
5005681,18578.0
5005707,56484.0
5005806,13794.0
5006002,22967.0
5006200,56057.0
5006259,3556.0
5006275,5751.0
5006309,42401.0
5006358,14576.0
5006408,7568.0
5006606,95320.0
5006903,17460.0
5007109,25310.0
5007208,38844.0
5007307,4758.0
5007406,20025.0
5007505,5120.0
5007554,7948.0
5007695,27660.0
5007703,10751.0
5007802,6555.0
5007901,60792.0
5007935,20158.0
5007950,11795.0
5007976,3588.0
5008008,22721.0
5008305,125137.0
5008404,6115.0
5100102,5309.0
5100201,26679.0
5100250,52105.0
5100300,19714.0
5100359,7092.0
5100409,12323.0
5100508,11587.0
5100607,11413.0
5100805,10431.0
5101001,3064.0
5101209,909.0
5101258,17078.0
5101308,9399.0
5101407,23067.0
5101605,8165.0
5101704,35642.0
5101803,61702.0
5101837,
5101852,6830.0
5101902,20571.0
5102504,95339.0
5102603,16223.0
5102637,36917.0
5102678,44033.0
5102686,7245.0
5102694,4711.0
5102702,22101.0
5102793,10094.0
5102850,8782.0
5103007,22521.0
5103056,12338.0
5103106,5716.0
5103205,33855.0
5103254,41117.0
5103304,21249.0
5103353,32076.0
5103361,4163.0
5103379,20717.0
5103403,623614.0
5103437,5267.0
5103452,9626.0
5103502,22311.0
5103601,8087.0
5103700,14847.0
5103809,3411.0
5103858,7913.0
5103908,5726.0
5103957,2990.0
5104104,36439.0
5104203,15740.0
5104500,2806.0
5104526,8182.0
5104542,7030.0
5104559,3609.0
5104609,13727.0
5104807,27696.0
5104906,8420.0
5105002,8377.0
5105101,35275.0
5105150,41190.0
5105176,16811.0
5105200,11124.0
5105234,6246.0
5105259,69671.0
5105309,2036.0
5105507,16412.0
5105580,10107.0
5105606,17017.0
5105622,28135.0
5105903,15332.0
5106000,5858.0
5106109,13093.0
5106158,16052.0
5106174,4013.0
5106182,6861.0
5106190,3755.0
5106208,3656.0
5106216,12876.0
5106224,48222.0
5106232,20820.0
5106240,12492.0
5106257,21695.0
5106265,9545.0
5106273,4069.0
5106281,4837.0
5106299,11291.0
5106307,23250.0
5106315,2769.0
5106372,17547.0
5106422,35695.0
5106455,2637.0
5106505,33386.0
5106653,6972.0
5106703,1525.0
5106752,46105.0
5106778,12849.0
5106802,5344.0
5106828,12176.0
5106851,2794.0
5107008,15936.0
5107040,63876.0
5107065,18386.0
5107107,18788.0
5107156,2754.0
5107180,10450.0
5107198,2439.0
5107206,5147.0
5107248,4600.0
5107263,3164.0
5107297,4102.0
5107305,21351.0
5107354,5646.0
5107404,4823.0
5107578,4069.0
5107602,239613.0
5107701,16999.0
5107743,2700.0
5107750,3226.0
5107768,3602.0
5107776,8547.0
5107792,5459.0
5107800,17188.0
5107859,11934.0
5107875,27485.0
5107883,1705.0
5107909,148960.0
5107925,94941.0
5107941,9357.0
5107958,107631.0
5108006,14380.0
5108055,9284.0
5108105,3761.0
5108204,3487.0
5108303,3455.0
5108352,3124.0
5108402,290383.0
5108501,11731.0
5108600,26946.0
5108808,4407.0
5108857,3332.0
5108907,9056.0
5108956,9375.0
5200050,9158.0
5200100,20873.0
5200134,22710.0
5200159,2515.0
5200175,5843.0
5200209,1809.0
5200258,222850.0
5200308,28360.0
5200506,1976.0
5200555,6796.0
5200605,7751.0
5200803,8749.0
5200829,3875.0
5200852,6220.0
5200902,3011.0
5201108,396526.0
5201207,1171.0
5201306,22113.0
5201405,601844.0
5201454,2474.0
5201504,4266.0
5201603,3450.0
5201702,20410.0
5201801,10680.0
5202155,7795.0
5202353,2462.0
5202502,10340.0
5202601,3000.0
5202809,2401.0
5203104,5418.0
5203203,11643.0
5203302,31004.0
5203401,8912.0
5203500,26069.0
5203559,10120.0
5203575,4579.0
5203609,3812.0
5203807,5815.0
5203906,9515.0
5203939,2464.0
5203962,3272.0
5204003,8098.0
5204102,12843.0
5204201,1336.0
5204250,7997.0
5204300,16525.0
5204409,19304.0
5204508,95183.0
5204557,3900.0
5204607,3662.0
5204656,3628.0
5204706,12880.0
5204805,7884.0
5204854,8087.0
5204904,20124.0
5204953,1526.0
5205000,10299.0
5205059,3380.0
5205109,113091.0
5205208,5132.0
5205307,9740.0
5205406,22407.0
5205455,8794.0
5205471,10797.0
5205497,74370.0
5205513,20771.0
5205521,3339.0
5205703,2254.0
5205802,11223.0
5205901,10012.0
5206206,61385.0
5206305,2962.0
5206404,17136.0
5206503,3458.0
5206602,2820.0
5206701,3302.0
5206800,2944.0
5206909,2094.0
5207105,2477.0
5207253,7174.0
5207352,3678.0
5207402,12559.0
5207501,3253.0
5207535,6527.0
5207600,5471.0
5207808,13604.0
5207907,17415.0
5208004,125705.0
5208103,4098.0
5208152,3923.0
5208301,4701.0
5208400,11217.0
5208509,5650.0
5208608,72045.0
5208707,1555626.0
5208806,46278.0
5208905,22122.0
5209101,34307.0
5209150,6076.0
5209200,14206.0
5209291,1905.0
5209408,3801.0
5209457,1681.0
5209606,3742.0
5209705,22533.0
5209804,3450.0
5209903,14215.0
5209937,6275.0
5209952,15962.0
5210000,53655.0
5210109,27365.0
5210158,2892.0
5210208,31471.0
5210307,2772.0
5210406,44329.0
5210562,4684.0
5210604,5184.0
5210802,4412.0
5210901,23850.0
5211008,4380.0
5211206,25597.0
5211305,7337.0
5211404,8968.0
5211503,106845.0
5211602,2295.0
5211701,6001.0
5211800,52160.0
5211909,103221.0
5212006,2843.0
5212055,2497.0
5212105,7417.0
5212204,18266.0
5212253,1652.0
5212303,7663.0
5212501,214645.0
5212600,2358.0
5212709,9277.0
5212808,9234.0
5212907,2263.0
5212956,4321.0
5213004,14568.0
5213053,2575.0
5213087,28518.0
5213103,69477.0
5213400,1471.0
5213509,8759.0
5213707,8037.0
5213756,13935.0
5213772,4538.0
5213806,46955.0
5213855,2217.0
5213905,4120.0
5214002,16077.0
5214051,4540.0
5214101,3749.0
5214408,9375.0
5214507,30931.0
5214606,47064.0
5214705,2362.0
5214804,2236.0
5214838,13020.0
5214861,8063.0
5214879,2939.0
5214903,3208.0
5215009,10193.0
5215207,2775.0
5215231,119649.0
5215256,4592.0
5215306,15834.0
5215405,3679.0
5215504,6895.0
5215603,35011.0
5215652,3470.0
5215702,29915.0
5215801,2382.0
5215900,3578.0
5216007,2590.0
5216304,10221.0
5216403,10988.0
5216452,3156.0
5216809,10240.0
5216908,2135.0
5217104,24543.0
5217203,10161.0
5217302,25218.0
5217401,31909.0
5217609,91345.0
5217708,17899.0
5218003,45866.0
5218052,3979.0
5218102,4032.0
5218300,37924.0
5218391,3211.0
5218508,51323.0
5218607,10961.0
5218706,4832.0
5218789,4728.0
5218805,247259.0
5218904,20012.0
5219001,7630.0
5219100,6701.0
5219209,2782.0
5219258,5585.0
5219308,38962.0
5219357,3821.0
5219407,9110.0
5219456,3367.0
5219506,2200.0
5219605,3207.0
5219704,8386.0
5219712,4886.0
5219738,6593.0
5219753,76871.0
5219803,13305.0
5219902,6265.0
5220009,14423.0
5220058,1312.0
5220108,34488.0
5220157,5263.0
5220207,21849.0
5220264,4105.0
5220280,2040.0
5220405,21318.0
5220454,121447.0
5220504,8737.0
5220603,20938.0
5220686,6895.0
5220702,3040.0
5221007,3506.0
5221080,3538.0
5221197,8326.0
5221304,2830.0
5221403,132006.0
5221452,3497.0
5221502,4526.0
5221551,5447.0
5221577,2829.0
5221601,41150.0
5221700,13795.0
5221809,3056.0
5221858,175720.0
5221908,3848.0
5222005,14088.0
5222054,9002.0
5222203,6451.0
5222302,5941.0
5300108,3094325.0
